crewId,taskId,isDDH
Crew_10002,Grd_2124_10000,0
Crew_10002,Grd_2124_10001,0
Crew_10003,Flt_15787,0
Crew_10003,Flt_15783,0
Crew_10003,Flt_15731,0
Crew_10003,Flt_16523,0
Crew_10003,Flt_16685,0
Crew_10003,Flt_17388,0
Crew_10003,Flt_17908,0
Crew_10003,Flt_17928,0
Crew_10003,Flt_18068,0
Crew_10004,Grd_3114_10000,0
Crew_10004,Flt_19898,0
Crew_10004,Flt_19894,0
Crew_10004,Flt_19764,0
Crew_10005,Flt_15712,0
Crew_10005,Flt_15709,0
Crew_10005,Flt_15706,0
Crew_10005,Flt_15702,0
Crew_10005,Flt_16505,0
Crew_10005,Flt_16495,0
Crew_10005,Flt_16454,0
Crew_10005,Flt_17298,0
Crew_10005,Flt_17350,0
Crew_10005,Flt_18227,0
Crew_10005,Flt_18221,0
Crew_10006,Flt_15914,0
Crew_10006,Flt_15920,0
Crew_10006,Flt_16639,0
Crew_10006,Flt_16644,0
Crew_10006,Flt_17348,0
Crew_10006,Flt_16961,0
Crew_10006,Flt_17870,0
Crew_10006,Flt_17823,0
Crew_10006,Flt_17821,0
Crew_10006,Flt_19370,0
Crew_10006,Flt_19366,0
Crew_10006,Flt_19875,0
Crew_10006,Flt_19918,0
Crew_10007,Flt_15752,0
Crew_10007,Flt_15747,0
Crew_10007,Flt_15584,0
Crew_10007,Flt_16407,0
Crew_10007,Flt_16405,0
Crew_10007,Flt_17149,0
Crew_10007,Flt_17054,0
Crew_10007,Flt_17050,0
Crew_10007,Flt_17852,0
Crew_10007,Flt_17849,0
Crew_10007,Flt_17695,0
Crew_10010,Flt_15851,0
Crew_10010,Flt_15660,0
Crew_10010,Flt_16798,0
Crew_10010,Flt_16794,0
Crew_10010,Flt_16965,0
Crew_10010,Flt_17414,0
Crew_10010,Flt_18090,0
Crew_10012,Flt_15801,0
Crew_10012,Flt_15786,0
Crew_10012,Flt_15784,0
Crew_10012,Flt_17220,0
Crew_10012,Flt_17219,0
Crew_10012,Flt_17595,0
Crew_10012,Flt_17613,0
Crew_10012,Flt_17943,0
Crew_10013,Grd_2499_10000,0
Crew_10014,Flt_15555,0
Crew_10014,Flt_15551,0
Crew_10014,Flt_15526,0
Crew_10014,Flt_16512,0
Crew_10014,Flt_16702,0
Crew_10014,Flt_17404,0
Crew_10014,Flt_17882,0
Crew_10014,Flt_17878,0
Crew_10014,Flt_17960,0
Crew_10015,Flt_15563,0
Crew_10015,Flt_15559,0
Crew_10015,Flt_16280,0
Crew_10015,Flt_16277,0
Crew_10015,Flt_16999,0
Crew_10015,Flt_16995,0
Crew_10015,Flt_17675,0
Crew_10015,Flt_17671,0
Crew_10015,Flt_19282,0
Crew_10015,Flt_20344,0
Crew_10015,Flt_20301,0
Crew_10016,Grd_2048_10000,0
Crew_10017,Flt_15663,0
Crew_10017,Flt_15661,0
Crew_10017,Flt_15613,0
Crew_10017,Flt_15609,0
Crew_10017,Flt_16392,0
Crew_10017,Flt_16387,0
Crew_10017,Flt_16340,0
Crew_10017,Flt_16334,0
Crew_10017,Flt_17104,0
Crew_10017,Flt_17102,0
Crew_10017,Flt_17055,0
Crew_10017,Flt_17051,0
Crew_10017,Flt_17787,0
Crew_10017,Flt_17783,0
Crew_10017,Flt_17737,0
Crew_10017,Flt_17734,0
Crew_10017,Flt_19208,0
Crew_10017,Flt_19205,0
Crew_10017,Flt_20203,0
Crew_10017,Flt_20369,0
Crew_10018,Flt_15627,0
Crew_10018,Flt_15436,0
Crew_10018,Flt_15435,0
Crew_10018,Flt_16413,0
Crew_10018,Flt_16411,0
Crew_10018,Flt_17426,0
Crew_10018,Flt_17424,0
Crew_10018,Flt_17423,0
Crew_10018,Flt_17812,0
Crew_10018,Flt_17810,0
Crew_10019,Flt_15675,0
Crew_10019,Flt_15700,0
Crew_10019,Flt_16403,0
Crew_10019,Flt_16401,0
Crew_10019,Flt_16397,0
Crew_10019,Flt_16394,0
Crew_10019,Flt_17806,0
Crew_10019,Flt_17804,0
Crew_10020,Flt_15570,0
Crew_10020,Flt_15564,0
Crew_10020,Flt_15517,0
Crew_10020,Flt_16475,0
Crew_10020,Flt_16432,0
Crew_10020,Flt_16427,0
Crew_10020,Flt_17225,0
Crew_10020,Flt_17221,0
Crew_10020,Flt_17181,0
Crew_10020,Flt_17555,0
Crew_10020,Flt_17980,0
Crew_10023,Flt_15674,0
Crew_10023,Flt_15672,0
Crew_10023,Flt_15666,0
Crew_10023,Flt_15664,0
Crew_10023,Flt_16418,0
Crew_10023,Flt_16412,0
Crew_10023,Flt_16453,0
Crew_10023,Flt_17035,0
Crew_10023,Flt_17047,0
Crew_10023,Flt_17043,0
Crew_10023,Flt_17905,0
Crew_10023,Flt_17901,0
Crew_10023,Flt_17847,0
Crew_10024,Grd_2152_10000,0
Crew_10024,Flt_16354,0
Crew_10024,Flt_16179,0
Crew_10024,Flt_16178,0
Crew_10024,Flt_17141,0
Crew_10024,Flt_17140,0
Crew_10024,Flt_17796,0
Crew_10024,Flt_17795,0
Crew_10024,Flt_17792,0
Crew_10024,Flt_17789,0
Crew_10025,Flt_15497,0
Crew_10025,Flt_15523,0
Crew_10025,Flt_15514,0
Crew_10025,Flt_16249,0
Crew_10025,Flt_16240,0
Crew_10025,Flt_16229,0
Crew_10025,Flt_17254,0
Crew_10025,Flt_17250,0
Crew_10025,Flt_16956,0
Crew_10025,Flt_17643,0
Crew_10025,Flt_17634,0
Crew_10025,Flt_17621,0
Crew_10025,Flt_19427,0
Crew_10025,Flt_19863,0
Crew_10025,Flt_19857,0
Crew_10026,Flt_16005,0
Crew_10026,Flt_16003,0
Crew_10026,Flt_16002,0
Crew_10026,Flt_16420,0
Crew_10026,Flt_16417,0
Crew_10026,Flt_16415,0
Crew_10026,Flt_17518,0
Crew_10026,Flt_16996,0
Crew_10026,Flt_17890,0
Crew_10026,Flt_17885,0
Crew_10026,Flt_17918,0
Crew_10028,Flt_15635,0
Crew_10028,Flt_15633,0
Crew_10028,Flt_15464,0
Crew_10028,Flt_16188,0
Crew_10028,Flt_16481,0
Crew_10028,Flt_16477,0
Crew_10028,Flt_17213,0
Crew_10028,Flt_17210,0
Crew_10028,Flt_17171,0
Crew_10028,Flt_17167,0
Crew_10028,Flt_17840,0
Crew_10028,Flt_17805,0
Crew_10029,Flt_16078,0
Crew_10029,Flt_16054,0
Crew_10029,Flt_16083,0
Crew_10029,Flt_16163,0
Crew_10029,Flt_16167,0
Crew_10029,Flt_16166,0
Crew_10029,Flt_17495,0
Crew_10029,Flt_17491,0
Crew_10029,Flt_18035,0
Crew_10029,Grd_1396_10000,0
Crew_10030,Flt_15665,0
Crew_10030,Flt_16053,0
Crew_10030,Flt_16810,0
Crew_10030,Flt_16809,0
Crew_10030,Flt_16806,0
Crew_10030,Flt_17240,0
Crew_10030,Flt_17354,0
Crew_10030,Flt_18136,0
Crew_10030,Flt_18142,0
Crew_10031,Flt_15530,0
Crew_10031,Flt_15527,0
Crew_10031,Flt_15592,0
Crew_10031,Flt_16720,0
Crew_10031,Flt_16718,0
Crew_10031,Flt_16716,0
Crew_10031,Flt_16712,0
Crew_10031,Flt_17026,0
Crew_10031,Flt_16960,0
Crew_10031,Flt_16957,0
Crew_10031,Flt_17728,0
Crew_10031,Flt_17726,0
Crew_10031,Flt_17696,0
Crew_10032,Grd_1717_10000,0
Crew_10032,Grd_1717_10001,0
Crew_10033,Flt_15505,0
Crew_10033,Flt_15621,0
Crew_10033,Flt_15648,0
Crew_10033,Flt_16287,0
Crew_10033,Flt_16283,0
Crew_10033,Flt_17007,0
Crew_10033,Flt_17003,0
Crew_10033,Flt_16977,0
Crew_10033,Flt_17656,0
Crew_10033,Flt_17713,0
Crew_10033,Flt_17742,0
Crew_10034,Flt_15620,0
Crew_10034,Flt_15647,0
Crew_10034,Flt_15716,0
Crew_10034,Flt_16437,0
Crew_10034,Flt_16800,0
Crew_10034,Flt_17182,0
Crew_10034,Flt_17023,0
Crew_10034,Flt_17020,0
Crew_10034,Flt_18232,0
Crew_10034,Flt_18231,0
Crew_10034,Flt_18230,0
Crew_10035,Grd_1151_10000,0
Crew_10035,Flt_20091,0
Crew_10035,Flt_20089,0
Crew_10035,Flt_20039,0
Crew_10037,Flt_15545,0
Crew_10037,Flt_15606,0
Crew_10037,Flt_16318,0
Crew_10037,Flt_16332,0
Crew_10037,Flt_16327,0
Crew_10037,Flt_17222,0
Crew_10037,Flt_17218,0
Crew_10037,Flt_17105,0
Crew_10037,Flt_17815,0
Crew_10037,Flt_17811,0
Crew_10037,Flt_17846,0
Crew_10040,Flt_15598,0
Crew_10040,Flt_15594,0
Crew_10040,Flt_15503,0
Crew_10040,Flt_16433,0
Crew_10040,Flt_16465,0
Crew_10040,Flt_16468,0
Crew_10040,Flt_17176,0
Crew_10040,Flt_17172,0
Crew_10040,Flt_17198,0
Crew_10040,Flt_17851,0
Crew_10040,Flt_17833,0
Crew_10040,Flt_17830,0
Crew_10040,Flt_17862,0
Crew_10041,Flt_15673,0
Crew_10041,Flt_15775,0
Crew_10041,Flt_16189,0
Crew_10041,Flt_16907,0
Crew_10041,Flt_17169,0
Crew_10041,Flt_17164,0
Crew_10041,Flt_17855,0
Crew_10041,Flt_17865,0
Crew_10043,Flt_15785,0
Crew_10043,Flt_15780,0
Crew_10043,Flt_15771,0
Crew_10043,Flt_15767,0
Crew_10043,Flt_16348,0
Crew_10043,Flt_16376,0
Crew_10043,Flt_16442,0
Crew_10043,Flt_17231,0
Crew_10043,Flt_17246,0
Crew_10043,Flt_17241,0
Crew_10043,Flt_18096,0
Crew_10044,Flt_15572,0
Crew_10044,Flt_15569,0
Crew_10044,Flt_15912,0
Crew_10044,Flt_16647,0
Crew_10044,Flt_16667,0
Crew_10044,Flt_16663,0
Crew_10044,Flt_17012,0
Crew_10044,Flt_17008,0
Crew_10044,Flt_16935,0
Crew_10044,Flt_17597,0
Crew_10044,Flt_17676,0
Crew_10045,Flt_15697,0
Crew_10045,Flt_15690,0
Crew_10045,Flt_15699,0
Crew_10045,Flt_17138,0
Crew_10045,Flt_17132,0
Crew_10045,Flt_17131,0
Crew_10045,Flt_18261,0
Crew_10045,Flt_17672,0
Crew_10046,Grd_1155_10000,0
Crew_10046,Grd_1155_10001,0
Crew_10046,Grd_1155_10002,0
Crew_10046,Grd_1155_10003,0
Crew_10047,Flt_15462,0
Crew_10047,Flt_15461,0
Crew_10047,Flt_15611,0
Crew_10047,Flt_16565,0
Crew_10047,Flt_16580,0
Crew_10047,Flt_16579,0
Crew_10047,Flt_16849,0
Crew_10047,Flt_17479,0
Crew_10047,Flt_18185,0
Crew_10047,Flt_18186,0
Crew_10047,Flt_18184,0
Crew_10048,Flt_15726,0
Crew_10048,Grd_2155_10000,0
Crew_10049,Grd_1093_10000,0
Crew_10049,Grd_1093_10001,0
Crew_10049,Flt_17068,0
Crew_10049,Flt_16883,0
Crew_10049,Flt_16893,0
Crew_10049,Flt_17814,0
Crew_10049,Flt_17813,0
Crew_10050,Flt_15629,0
Crew_10050,Flt_15626,0
Crew_10050,Flt_15970,0
Crew_10050,Flt_16689,0
Crew_10050,Flt_17229,0
Crew_10050,Flt_17249,0
Crew_10050,Flt_17364,0
Crew_10050,Flt_18239,0
Crew_10050,Flt_18238,0
Crew_10050,Flt_18237,0
Crew_10051,Flt_15971,0
Crew_10051,Grd_1686_10000,0
Crew_10052,Flt_16058,0
Crew_10052,Flt_16022,0
Crew_10052,Flt_15689,0
Crew_10052,Flt_16589,0
Crew_10052,Flt_16641,0
Crew_10052,Flt_17096,0
Crew_10052,Flt_17977,0
Crew_10052,Flt_17976,0
Crew_10052,Flt_17967,0
Crew_10053,Flt_16041,0
Crew_10053,Flt_16039,0
Crew_10053,Flt_16038,0
Crew_10053,Flt_16773,0
Crew_10053,Flt_16772,0
Crew_10053,Flt_17235,0
Crew_10053,Flt_17382,0
Crew_10053,Flt_17380,0
Crew_10053,Flt_17378,0
Crew_10053,Flt_17836,0
Crew_10053,Flt_17799,0
Crew_10053,Flt_17798,0
Crew_10053,Flt_17704,0
Crew_10054,Flt_19177,0
Crew_10054,Flt_19173,0
Crew_10054,Flt_19118,0
Crew_10054,Flt_20050,0
Crew_10054,Flt_20267,0
Crew_10055,Flt_15729,0
Crew_10055,Flt_15989,0
Crew_10055,Flt_15988,0
Crew_10055,Flt_16576,0
Crew_10055,Flt_16191,0
Crew_10055,Flt_16190,0
Crew_10055,Flt_17114,0
Crew_10055,Flt_17110,0
Crew_10055,Flt_17750,0
Crew_10055,Flt_17569,0
Crew_10055,Flt_17568,0
Crew_10056,Flt_16080,0
Crew_10056,Flt_16089,0
Crew_10056,Flt_16777,0
Crew_10056,Flt_17340,0
Crew_10056,Flt_17768,0
Crew_10056,Flt_17758,0
Crew_10056,Flt_17772,0
Crew_10057,Flt_15754,0
Crew_10057,Flt_15742,0
Crew_10057,Flt_15740,0
Crew_10059,Flt_15715,0
Crew_10059,Flt_15710,0
Crew_10059,Flt_15737,0
Crew_10059,Flt_16812,0
Crew_10059,Flt_16755,0
Crew_10059,Flt_16753,0
Crew_10059,Flt_17450,0
Crew_10059,Flt_17286,0
Crew_10059,Flt_17773,0
Crew_10059,Flt_17623,0
Crew_10061,Flt_16034,0
Crew_10061,Flt_15850,0
Crew_10061,Flt_16782,0
Crew_10061,Flt_16780,0
Crew_10061,Flt_17502,0
Crew_10061,Flt_17501,0
Crew_10061,Flt_17500,0
Crew_10061,Flt_17499,0
Crew_10061,Flt_18246,0
Crew_10061,Flt_18245,0
Crew_10061,Flt_18236,0
Crew_10061,Flt_18235,0
Crew_10062,Flt_16091,0
Crew_10062,Flt_16090,0
Crew_10062,Flt_16082,0
Crew_10062,Flt_16518,0
Crew_10062,Flt_16243,0
Crew_10062,Flt_16239,0
Crew_10062,Flt_17013,0
Crew_10062,Flt_17011,0
Crew_10062,Flt_17346,0
Crew_10062,Flt_18043,0
Crew_10062,Flt_18060,0
Crew_10062,Flt_18054,0
Crew_10065,Grd_1769_10003,0
Crew_10065,Grd_1769_10004,0
Crew_10066,Flt_15652,0
Crew_10066,Flt_15651,0
Crew_10066,Flt_16294,0
Crew_10066,Flt_16291,0
Crew_10066,Flt_16221,0
Crew_10066,Flt_17174,0
Crew_10066,Flt_17211,0
Crew_10066,Flt_17208,0
Crew_10066,Flt_17153,0
Crew_10066,Flt_17666,0
Crew_10066,Flt_18375,0
Crew_10067,Grd_1174_10000,0
Crew_10067,Flt_18661,0
Crew_10067,Flt_18659,0
Crew_10067,Flt_18453,0
Crew_10067,Flt_19168,0
Crew_10067,Flt_19165,0
Crew_10067,Flt_19175,0
Crew_10067,Flt_19172,0
Crew_10067,Flt_19927,0
Crew_10067,Flt_19925,0
Crew_10067,Flt_20026,0
Crew_10067,Flt_20022,0
Crew_10069,Flt_15835,0
Crew_10069,Flt_15833,0
Crew_10069,Flt_15793,0
Crew_10069,Flt_16552,0
Crew_10069,Flt_16273,0
Crew_10069,Flt_16988,0
Crew_10069,Flt_17022,0
Crew_10069,Flt_17017,0
Crew_10069,Flt_17682,0
Crew_10069,Flt_17678,0
Crew_10069,Flt_17693,0
Crew_10070,Flt_16035,0
Crew_10070,Flt_16032,0
Crew_10070,Flt_16031,0
Crew_10070,Flt_16740,0
Crew_10070,Flt_16759,0
Crew_10070,Flt_17435,0
Crew_10070,Flt_17454,0
Crew_10070,Flt_18150,0
Crew_10070,Flt_18169,0
Crew_10071,Flt_15561,0
Crew_10071,Flt_15587,0
Crew_10071,Flt_15778,0
Crew_10071,Flt_16624,0
Crew_10071,Flt_16520,0
Crew_10071,Flt_16517,0
Crew_10071,Flt_16922,0
Crew_10071,Flt_16936,0
Crew_10071,Flt_16993,0
Crew_10071,Flt_18172,0
Crew_10071,Flt_18970,0
Crew_10072,Grd_1723_10000,0
Crew_10073,Flt_15883,0
Crew_10073,Flt_15881,0
Crew_10073,Flt_15901,0
Crew_10073,Flt_15927,0
Crew_10073,Flt_17358,0
Crew_10073,Flt_17357,0
Crew_10073,Flt_18040,0
Crew_10073,Flt_18256,0
Crew_10074,Grd_1715_10000,0
Crew_10075,Flt_15524,0
Crew_10075,Flt_15521,0
Crew_10075,Flt_16473,0
Crew_10075,Flt_16470,0
Crew_10075,Flt_16311,0
Crew_10075,Flt_17045,0
Crew_10075,Flt_16947,0
Crew_10075,Flt_17826,0
Crew_10075,Flt_17868,0
Crew_10075,Flt_17857,0
Crew_10075,Flt_19405,0
Crew_10075,Flt_19402,0
Crew_10075,Flt_20349,0
Crew_10077,Flt_17108,0
Crew_10077,Flt_17130,0
Crew_10077,Flt_17984,0
Crew_10077,Flt_18085,0
Crew_10077,Flt_18843,0
Crew_10077,Flt_19417,0
Crew_10077,Flt_19437,0
Crew_10078,Flt_15640,0
Crew_10078,Flt_15637,0
Crew_10078,Flt_15645,0
Crew_10078,Flt_16377,0
Crew_10078,Flt_16365,0
Crew_10078,Flt_16359,0
Crew_10078,Flt_17353,0
Crew_10078,Flt_18034,0
Crew_10078,Flt_18012,0
Crew_10079,Flt_15724,0
Crew_10079,Flt_15717,0
Crew_10079,Flt_15679,0
Crew_10079,Flt_15678,0
Crew_10079,Flt_16446,0
Crew_10079,Flt_16441,0
Crew_10079,Flt_16408,0
Crew_10079,Flt_16406,0
Crew_10079,Flt_17115,0
Crew_10079,Flt_17113,0
Crew_10079,Flt_17106,0
Crew_10079,Flt_17867,0
Crew_10079,Flt_17864,0
Crew_10079,Flt_17707,0
Crew_10080,Flt_15695,0
Crew_10080,Flt_15692,0
Crew_10080,Flt_16774,0
Crew_10080,Flt_16491,0
Crew_10080,Flt_17041,0
Crew_10080,Flt_17036,0
Crew_10080,Flt_16970,0
Crew_10080,Flt_17910,0
Crew_10080,Flt_17926,0
Crew_10080,Flt_17922,0
Crew_10082,Flt_15560,0
Crew_10082,Flt_15566,0
Crew_10082,Flt_15516,0
Crew_10082,Flt_16768,0
Crew_10082,Flt_16769,0
Crew_10082,Flt_16743,0
Crew_10082,Flt_17103,0
Crew_10082,Flt_16992,0
Crew_10082,Flt_17663,0
Crew_10082,Flt_17637,0
Crew_10082,Flt_17632,0
Crew_10086,Grd_1742_10000,0
Crew_10086,Grd_1742_10001,0
Crew_10086,Grd_1742_10002,0
Crew_10086,Flt_20000,0
Crew_10086,Flt_19996,0
Crew_10086,Flt_19956,0
Crew_10086,Flt_19950,0
Crew_10087,Flt_15806,0
Crew_10087,Flt_15798,0
Crew_10087,Flt_15814,0
Crew_10087,Flt_16563,0
Crew_10087,Flt_17212,0
Crew_10087,Flt_17209,0
Crew_10087,Flt_17237,0
Crew_10087,Flt_17915,0
Crew_10087,Flt_19769,0
Crew_10088,Grd_9455_10000,0
Crew_10089,Flt_15830,0
Crew_10089,Flt_15827,0
Crew_10089,Flt_15418,0
Crew_10089,Flt_16471,0
Crew_10089,Flt_16428,0
Crew_10089,Flt_16572,0
Crew_10089,Flt_17092,0
Crew_10089,Flt_17091,0
Crew_10089,Flt_17690,0
Crew_10089,Flt_17685,0
Crew_10089,Flt_17610,0
Crew_10090,Grd_4113_10000,0
Crew_10090,Grd_4113_10001,0
Crew_10090,Flt_20016,0
Crew_10090,Flt_20015,0
Crew_10092,Flt_15403,0
Crew_10092,Flt_15402,0
Crew_10092,Flt_16789,0
Crew_10092,Flt_16767,0
Crew_10092,Flt_16788,0
Crew_10092,Flt_16903,0
Crew_10092,Flt_17858,0
Crew_10092,Flt_17700,0
Crew_10092,Flt_17699,0
Crew_10093,Grd_2142_10000,0
Crew_10093,Flt_19640,0
Crew_10093,Flt_19665,0
Crew_10093,Flt_20293,0
Crew_10093,Flt_20309,0
Crew_10094,Grd_2041_10000,0
Crew_10094,ddh_10509,1
Crew_10095,Flt_15853,0
Crew_10095,Flt_15861,0
Crew_10095,Flt_15938,0
Crew_10095,Flt_15936,0
Crew_10095,Flt_16223,0
Crew_10095,Flt_16235,0
Crew_10095,Flt_16941,0
Crew_10095,Flt_16967,0
Crew_10095,Flt_16958,0
Crew_10095,Flt_17887,0
Crew_10095,Flt_18112,0
Crew_10096,Flt_15738,0
Crew_10096,Flt_15734,0
Crew_10096,Flt_15760,0
Crew_10096,Flt_16262,0
Crew_10096,Flt_16288,0
Crew_10096,Flt_16284,0
Crew_10096,Flt_17063,0
Crew_10096,Flt_17088,0
Crew_10096,Flt_17078,0
Crew_10096,Flt_18109,0
Crew_10096,Flt_18141,0
Crew_10096,Flt_18135,0
Crew_10097,Grd_1120_10000,0
Crew_10097,Flt_18793,0
Crew_10097,Flt_18798,0
Crew_10097,Flt_19535,0
Crew_10097,Flt_19541,0
Crew_10097,Flt_20201,0
Crew_10097,Flt_20161,0
Crew_10097,Flt_20183,0
Crew_10098,Flt_18559,0
Crew_10098,Flt_18558,0
Crew_10098,Flt_19628,0
Crew_10098,Flt_19626,0
Crew_10098,Flt_19625,0
Crew_10098,Flt_20018,0
Crew_10099,Grd_2167_10000,0
Crew_10099,Flt_20062,0
Crew_10099,Flt_20059,0
Crew_10099,Flt_20048,0
Crew_10100,Grd_2039_10000,0
Crew_10101,Flt_15873,0
Crew_10101,Flt_15870,0
Crew_10101,Flt_15421,0
Crew_10101,Flt_16160,0
Crew_10101,Flt_16854,0
Crew_10101,Flt_16852,0
Crew_10101,Flt_17327,0
Crew_10101,Flt_18264,0
Crew_10103,Flt_15923,0
Crew_10103,Flt_15872,0
Crew_10103,Flt_16618,0
Crew_10103,Flt_17400,0
Crew_10103,Flt_18082,0
Crew_10103,Flt_17931,0
Crew_10104,ddh_12550,1
Crew_10105,Grd_2522_10000,0
Crew_10105,Grd_2522_10001,0
Crew_10105,Grd_2522_10002,0
Crew_10105,Flt_18424,0
Crew_10105,Flt_18420,0
Crew_10105,Flt_19948,0
Crew_10105,Flt_19959,0
Crew_10106,Flt_15744,0
Crew_10106,Flt_15741,0
Crew_10106,Flt_15583,0
Crew_10106,Flt_16313,0
Crew_10106,Flt_16309,0
Crew_10106,Flt_16422,0
Crew_10106,Flt_17421,0
Crew_10106,Flt_18147,0
Crew_10106,Flt_18146,0
Crew_10106,Flt_18144,0
Crew_10107,Flt_15454,0
Crew_10107,Flt_15453,0
Crew_10107,Flt_15452,0
Crew_10107,Flt_15451,0
Crew_10107,Flt_16819,0
Crew_10107,Flt_16818,0
Crew_10107,Flt_16811,0
Crew_10107,Flt_18247,0
Crew_10107,Flt_18240,0
Crew_10107,Flt_18244,0
Crew_10108,Flt_15777,0
Crew_10108,Flt_15669,0
Crew_10108,Flt_16390,0
Crew_10108,Flt_16350,0
Crew_10108,Flt_16637,0
Crew_10108,Flt_17158,0
Crew_10108,Flt_17190,0
Crew_10108,Flt_17188,0
Crew_10108,Flt_18229,0
Crew_10108,Flt_18228,0
Crew_10108,Flt_19376,0
Crew_10108,Flt_20361,0
Crew_10109,Flt_15722,0
Crew_10109,Flt_15719,0
Crew_10109,Flt_16504,0
Crew_10109,Flt_16503,0
Crew_10109,Flt_16339,0
Crew_10109,Flt_17278,0
Crew_10109,Flt_17207,0
Crew_10109,Flt_17202,0
Crew_10109,Flt_17790,0
Crew_10109,Flt_17808,0
Crew_10110,Flt_15723,0
Crew_10110,Flt_15718,0
Crew_10110,Flt_16452,0
Crew_10110,Flt_16448,0
Crew_10110,Flt_16461,0
Crew_10110,Flt_17490,0
Crew_10110,Flt_17027,0
Crew_10110,Flt_17724,0
Crew_10110,Flt_17745,0
Crew_10110,Flt_17771,0
Crew_10113,Grd_1638_10000,0
Crew_10113,ddh_10279,1
Crew_10114,Flt_15867,0
Crew_10114,Flt_15863,0
Crew_10114,Flt_15615,0
Crew_10114,Flt_16419,0
Crew_10114,Flt_16416,0
Crew_10114,Flt_17431,0
Crew_10114,Flt_17425,0
Crew_10114,Flt_18121,0
Crew_10114,Flt_18117,0
Crew_10114,Flt_18114,0
Crew_10114,Flt_18110,0
Crew_10115,Flt_16116,0
Crew_10115,Flt_16134,0
Crew_10115,Flt_16132,0
Crew_10115,Flt_16839,0
Crew_10115,Flt_16835,0
Crew_10115,Flt_16833,0
Crew_10115,Flt_16990,0
Crew_10115,Flt_17101,0
Crew_10115,Flt_18042,0
Crew_10115,Flt_18092,0
Crew_10116,Flt_15593,0
Crew_10116,Flt_15605,0
Crew_10116,Flt_15601,0
Crew_10116,Flt_16463,0
Crew_10116,Flt_17187,0
Crew_10116,Flt_17200,0
Crew_10116,Flt_17196,0
Crew_10116,Flt_17839,0
Crew_10116,Flt_17835,0
Crew_10117,Flt_16065,0
Crew_10117,Flt_16129,0
Crew_10117,Flt_16522,0
Crew_10117,Flt_16145,0
Crew_10117,Flt_16942,0
Crew_10117,Flt_17057,0
Crew_10117,Flt_17052,0
Crew_10117,Flt_17889,0
Crew_10117,Flt_17886,0
Crew_10118,Flt_16036,0
Crew_10118,Flt_16033,0
Crew_10118,Flt_16787,0
Crew_10118,Flt_16783,0
Crew_10118,Flt_17469,0
Crew_10118,Flt_17459,0
Crew_10118,Flt_17474,0
Crew_10118,Flt_17552,0
Crew_10118,Flt_17557,0
Crew_10118,Flt_17556,0
Crew_10119,Flt_15501,0
Crew_10119,Flt_15498,0
Crew_10119,Flt_16395,0
Crew_10119,Flt_17482,0
Crew_10119,Flt_17481,0
Crew_10119,Flt_17472,0
Crew_10119,Flt_17917,0
Crew_10119,Flt_17904,0
Crew_10119,Flt_17903,0
Crew_10120,Grd_2134_10004,0
Crew_10120,Flt_20090,0
Crew_10120,Flt_20088,0
Crew_10120,Flt_19858,0
Crew_10123,Flt_16099,0
Crew_10123,Flt_16100,0
Crew_10123,Flt_16738,0
Crew_10123,Flt_16737,0
Crew_10123,Flt_16735,0
Crew_10123,Flt_17464,0
Crew_10123,Flt_18216,0
Crew_10124,Flt_16018,0
Crew_10124,Flt_16042,0
Crew_10124,Flt_16543,0
Crew_10124,Flt_16649,0
Crew_10124,Flt_16645,0
Crew_10124,Flt_16642,0
Crew_10124,Flt_17355,0
Crew_10124,Flt_17351,0
Crew_10124,Flt_17349,0
Crew_10124,Flt_18039,0
Crew_10125,Flt_15434,0
Crew_10125,Flt_15433,0
Crew_10125,Flt_15432,0
Crew_10125,Flt_16174,0
Crew_10125,Flt_16173,0
Crew_10125,Flt_16172,0
Crew_10125,Flt_16882,0
Crew_10125,Flt_16881,0
Crew_10125,Flt_16880,0
Crew_10125,Flt_17921,0
Crew_10125,Flt_18104,0
Crew_10126,Flt_16057,0
Crew_10126,Flt_16056,0
Crew_10126,Flt_16588,0
Crew_10126,Flt_16312,0
Crew_10126,Flt_16308,0
Crew_10126,Flt_17265,0
Crew_10126,Flt_17420,0
Crew_10126,Flt_17418,0
Crew_10127,Flt_15803,0
Crew_10127,Flt_15580,0
Crew_10127,Flt_15577,0
Crew_10127,Flt_16323,0
Crew_10127,Flt_16319,0
Crew_10127,Flt_16251,0
Crew_10127,Flt_17150,0
Crew_10127,Flt_17183,0
Crew_10127,Flt_17180,0
Crew_10127,Flt_17736,0
Crew_10127,Flt_17733,0
Crew_10128,Flt_15878,0
Crew_10128,Flt_15875,0
Crew_10128,Flt_15941,0
Crew_10128,Flt_15937,0
Crew_10128,Flt_16402,0
Crew_10128,Flt_16398,0
Crew_10128,Flt_17273,0
Crew_10128,Flt_17269,0
Crew_10128,Flt_17293,0
Crew_10128,Flt_17718,0
Crew_10128,Flt_17622,0
Crew_10128,Flt_17618,0
Crew_10128,Flt_19514,0
Crew_10128,Flt_20007,0
Crew_10128,Flt_19938,0
Crew_10129,Flt_15600,0
Crew_10129,Flt_15596,0
Crew_10129,Flt_15492,0
Crew_10129,Flt_16457,0
Crew_10129,Flt_16494,0
Crew_10129,Flt_16490,0
Crew_10129,Flt_16480,0
Crew_10129,Flt_16924,0
Crew_10129,Flt_17000,0
Crew_10129,Flt_17920,0
Crew_10129,Flt_17534,0
Crew_10131,Flt_15868,0
Crew_10131,Flt_15864,0
Crew_10131,Flt_15424,0
Crew_10131,Flt_16499,0
Crew_10131,Flt_16460,0
Crew_10131,Flt_17238,0
Crew_10131,Flt_17224,0
Crew_10131,Flt_17223,0
Crew_10131,Flt_17900,0
Crew_10131,Flt_17899,0
Crew_10131,Flt_19969,0
Crew_10131,Flt_19966,0
Crew_10131,Flt_20112,0
Crew_10133,Flt_15544,0
Crew_10133,Flt_15541,0
Crew_10133,Flt_15413,0
Crew_10133,Flt_16149,0
Crew_10133,Flt_16635,0
Crew_10133,Flt_17356,0
Crew_10133,Flt_17368,0
Crew_10133,Flt_17367,0
Crew_10133,Flt_17650,0
Crew_10133,Flt_17646,0
Crew_10133,Flt_17739,0
Crew_10134,ddh_13240,1
Crew_10135,Flt_15736,0
Crew_10135,Flt_15732,0
Crew_10135,Flt_15759,0
Crew_10135,Flt_16211,0
Crew_10135,Flt_16281,0
Crew_10135,Flt_17528,0
Crew_10135,Flt_17520,0
Crew_10135,Flt_17581,0
Crew_10135,Flt_18124,0
Crew_10135,Flt_18122,0
Crew_10136,Grd_1688_10000,0
Crew_10136,Flt_20045,0
Crew_10136,Flt_20041,0
Crew_10136,Flt_19955,0
Crew_10136,Flt_19953,0
Crew_10137,Flt_16107,0
Crew_10137,Flt_16106,0
Crew_10137,Flt_16072,0
Crew_10137,Flt_16233,0
Crew_10137,Flt_16230,0
Crew_10137,Flt_17236,0
Crew_10137,Flt_17230,0
Crew_10137,Flt_17584,0
Crew_10137,Flt_17876,0
Crew_10137,Flt_17872,0
Crew_10137,Flt_19367,0
Crew_10137,Flt_19364,0
Crew_10137,Flt_20052,0
Crew_10137,Flt_20049,0
Crew_10138,Flt_15821,0
Crew_10138,Flt_15818,0
Crew_10138,Flt_15586,0
Crew_10138,Flt_16746,0
Crew_10138,Flt_16742,0
Crew_10138,Flt_17446,0
Crew_10138,Flt_18197,0
Crew_10138,Flt_17906,0
Crew_10138,Flt_18433,0
Crew_10139,Flt_15811,0
Crew_10139,Flt_15807,0
Crew_10139,Flt_16296,0
Crew_10139,Flt_16290,0
Crew_10139,Flt_16241,0
Crew_10139,Flt_16962,0
Crew_10139,Flt_17615,0
Crew_10140,Grd_1127_10005,0
Crew_10141,Flt_15654,0
Crew_10141,Flt_15789,0
Crew_10141,Flt_16154,0
Crew_10141,Flt_16151,0
Crew_10141,Flt_16577,0
Crew_10141,Flt_17437,0
Crew_10141,Flt_17434,0
Crew_10141,Flt_17786,0
Crew_10141,Flt_17667,0
Crew_10142,Flt_16011,0
Crew_10142,Flt_15952,0
Crew_10142,Flt_16558,0
Crew_10142,Flt_16554,0
Crew_10142,Flt_16678,0
Crew_10142,Flt_16676,0
Crew_10142,Flt_17316,0
Crew_10142,Flt_17313,0
Crew_10142,Flt_17334,0
Crew_10142,Flt_17360,0
Crew_10143,Flt_15866,0
Crew_10143,Flt_15862,0
Crew_10143,Flt_15562,0
Crew_10143,Flt_16335,0
Crew_10143,Flt_16331,0
Crew_10143,Flt_16326,0
Crew_10143,Flt_16869,0
Crew_10143,Flt_17549,0
Crew_10143,Flt_19837,0
Crew_10143,Flt_19865,0
Crew_10143,Flt_19856,0
Crew_10145,Flt_15708,0
Crew_10145,Flt_15704,0
Crew_10145,Flt_15735,0
Crew_10145,Flt_16247,0
Crew_10145,Flt_16148,0
Crew_10145,Flt_16147,0
Crew_10145,Flt_17085,0
Crew_10145,Flt_17075,0
Crew_10145,Flt_17039,0
Crew_10145,Flt_17985,0
Crew_10145,Flt_18033,0
Crew_10146,Grd_2419_10000,0
Crew_10146,Flt_19904,0
Crew_10146,Flt_19930,0
Crew_10146,Flt_19874,0
Crew_10147,Flt_16137,0
Crew_10147,Flt_16059,0
Crew_10147,Flt_16754,0
Crew_10147,Flt_16751,0
Crew_10147,Flt_17473,0
Crew_10147,Flt_17480,0
Crew_10147,Flt_18201,0
Crew_10148,Flt_15425,0
Crew_10148,Flt_15426,0
Crew_10148,Flt_16814,0
Crew_10148,Flt_16813,0
Crew_10148,Flt_17465,0
Crew_10148,Flt_17462,0
Crew_10148,Flt_18193,0
Crew_10148,Flt_18192,0
Crew_10148,Flt_18129,0
Crew_10150,Flt_15893,0
Crew_10150,Flt_15919,0
Crew_10150,Flt_16638,0
Crew_10150,Flt_16630,0
Crew_10150,Flt_17461,0
Crew_10150,Flt_17460,0
Crew_10150,Flt_17834,0
Crew_10150,Flt_17863,0
Crew_10151,Flt_15477,0
Crew_10151,Flt_15476,0
Crew_10151,Flt_15556,0
Crew_10151,Flt_16187,0
Crew_10151,Flt_16741,0
Crew_10151,Flt_17439,0
Crew_10151,Flt_16905,0
Crew_10151,Flt_17579,0
Crew_10151,Flt_17578,0
Crew_10152,Flt_15761,0
Crew_10152,Flt_15757,0
Crew_10152,Flt_15758,0
Crew_10152,Flt_16458,0
Crew_10152,Flt_17168,0
Crew_10152,Flt_17059,0
Crew_10152,Flt_18045,0
Crew_10152,Flt_18041,0
Crew_10152,Flt_18038,0
Crew_10152,Flt_18036,0
Crew_10153,Flt_15525,0
Crew_10153,Flt_15519,0
Crew_10153,Flt_15532,0
Crew_10153,Flt_16254,0
Crew_10153,Flt_16910,0
Crew_10153,Flt_16909,0
Crew_10153,Flt_17098,0
Crew_10153,Flt_17776,0
Crew_10153,Flt_18439,0
Crew_10155,Flt_16525,0
Crew_10155,Flt_16516,0
Crew_10155,Flt_16569,0
Crew_10155,Flt_17449,0
Crew_10155,Flt_17444,0
Crew_10155,Flt_17583,0
Crew_10155,Flt_17582,0
Crew_10155,Flt_18918,0
Crew_10155,Flt_18952,0
Crew_10155,Flt_18946,0
Crew_10156,Flt_16105,0
Crew_10156,Flt_16103,0
Crew_10156,Flt_16102,0
Crew_10156,Flt_16660,0
Crew_10156,Flt_16153,0
Crew_10156,Flt_16152,0
Crew_10156,Flt_16904,0
Crew_10156,Flt_18210,0
Crew_10156,Flt_18209,0
Crew_10156,Flt_18206,0
Crew_10157,Grd_1655_10005,0
Crew_10157,Grd_1655_10006,0
Crew_10158,Grd_2096_10000,0
Crew_10159,Grd_1380_10000,0
Crew_10159,Flt_17062,0
Crew_10159,Flt_17087,0
Crew_10159,Flt_17156,0
Crew_10159,Flt_17617,0
Crew_10159,Flt_17627,0
Crew_10159,Flt_18389,0
Crew_10159,Flt_18283,0
Crew_10159,Flt_18282,0
Crew_10160,Flt_16113,0
Crew_10160,Flt_16805,0
Crew_10160,Flt_16802,0
Crew_10160,Flt_17116,0
Crew_10160,Flt_17033,0
Crew_10160,Flt_17841,0
Crew_10160,Flt_17853,0
Crew_10160,Flt_17850,0
Crew_10160,Flt_19220,0
Crew_10160,Flt_20178,0
Crew_10160,Flt_19774,0
Crew_10160,Flt_19773,0
Crew_10162,Flt_15428,0
Crew_10162,Flt_15427,0
Crew_10162,Flt_16733,0
Crew_10162,Flt_16731,0
Crew_10162,Flt_16727,0
Crew_10162,Flt_17157,0
Crew_10162,Flt_17121,0
Crew_10162,Flt_17119,0
Crew_10162,Flt_17837,0
Crew_10162,Flt_18137,0
Crew_10162,Flt_18132,0
Crew_10163,Flt_16052,0
Crew_10163,Flt_16049,0
Crew_10163,Flt_16793,0
Crew_10163,Flt_16845,0
Crew_10163,Flt_16848,0
Crew_10163,Flt_16790,0
Crew_10163,Flt_17452,0
Crew_10163,Flt_18160,0
Crew_10163,Flt_18158,0
Crew_10165,Grd_1378_10000,0
Crew_10165,Flt_18884,0
Crew_10165,Flt_18891,0
Crew_10165,Flt_19406,0
Crew_10165,Flt_19339,0
Crew_10165,Flt_19335,0
Crew_10165,Flt_19845,0
Crew_10165,Flt_19862,0
Crew_10165,Flt_19922,0
Crew_10166,Grd_2112_10000,0
Crew_10166,ddh_12239,1
Crew_10167,Flt_15987,0
Crew_10167,Flt_15985,0
Crew_10167,Flt_16482,0
Crew_10167,Flt_16478,0
Crew_10167,Flt_16820,0
Crew_10167,Flt_17292,0
Crew_10167,Flt_16911,0
Crew_10168,Grd_1404_10000,0
Crew_10168,Grd_1404_10001,0
Crew_10168,Grd_1404_10002,0
Crew_10168,Grd_1404_10003,0
Crew_10169,Grd_10658_10000,0
Crew_10169,Grd_10658_10001,0
Crew_10171,Flt_15540,0
Crew_10171,Flt_15536,0
Crew_10171,Flt_16594,0
Crew_10171,Flt_16590,0
Crew_10171,Flt_16342,0
Crew_10171,Flt_17134,0
Crew_10171,Flt_18187,0
Crew_10171,Flt_17638,0
Crew_10171,Flt_19214,0
Crew_10171,Flt_19240,0
Crew_10171,Flt_20116,0
Crew_10171,Flt_20114,0
Crew_10171,Flt_20159,0
Crew_10172,Grd_2364_10000,0
Crew_10173,Flt_15581,0
Crew_10173,Flt_15576,0
Crew_10173,Flt_16455,0
Crew_10173,Flt_16451,0
Crew_10173,Flt_16447,0
Crew_10173,Flt_16444,0
Crew_10173,Flt_17146,0
Crew_10173,Flt_17285,0
Crew_10173,Flt_17302,0
Crew_10173,Flt_17716,0
Crew_10173,Flt_17645,0
Crew_10174,ddh_13221,1
Crew_10176,Flt_16019,0
Crew_10176,Flt_16016,0
Crew_10176,Flt_15460,0
Crew_10176,Flt_16180,0
Crew_10176,Flt_16194,0
Crew_10176,Flt_17024,0
Crew_10176,Flt_17217,0
Crew_10176,Flt_17215,0
Crew_10176,Flt_17888,0
Crew_10176,Flt_17884,0
Crew_10176,Flt_17832,0
Crew_10176,Flt_17829,0
Crew_10176,Flt_19805,0
Crew_10176,Flt_19804,0
Crew_10176,Flt_19915,0
Crew_10177,Flt_15795,0
Crew_10177,Flt_15799,0
Crew_10177,Flt_16545,0
Crew_10177,Flt_16542,0
Crew_10177,Flt_16538,0
Crew_10177,Flt_17276,0
Crew_10177,Flt_17587,0
Crew_10177,Flt_17586,0
Crew_10177,Flt_17720,0
Crew_10178,Flt_15822,0
Crew_10178,Flt_15819,0
Crew_10178,Flt_15409,0
Crew_10178,Flt_17416,0
Crew_10178,Flt_17415,0
Crew_10178,Flt_17412,0
Crew_10178,Flt_17706,0
Crew_10178,Flt_17636,0
Crew_10178,Flt_17631,0
Crew_10179,Flt_15446,0
Crew_10179,Flt_15441,0
Crew_10179,Flt_16421,0
Crew_10179,Flt_16450,0
Crew_10179,Flt_17179,0
Crew_10179,Flt_17661,0
Crew_10179,Flt_17708,0
Crew_10180,Flt_15508,0
Crew_10180,Flt_16077,0
Crew_10180,Flt_16763,0
Crew_10180,Flt_16760,0
Crew_10180,Flt_17458,0
Crew_10180,Flt_17456,0
Crew_10180,Flt_18211,0
Crew_10180,Flt_18208,0
Crew_10181,Flt_16027,0
Crew_10181,Flt_16023,0
Crew_10181,Flt_16020,0
Crew_10181,Flt_16744,0
Crew_10181,Flt_16186,0
Crew_10181,Flt_17173,0
Crew_10181,Flt_17147,0
Crew_10181,Flt_17143,0
Crew_10181,Flt_17824,0
Crew_10181,Flt_17970,0
Crew_10181,Flt_17989,0
Crew_10182,Flt_15575,0
Crew_10182,Flt_15983,0
Crew_10182,Flt_16836,0
Crew_10182,Flt_16830,0
Crew_10182,Flt_16828,0
Crew_10182,Flt_17514,0
Crew_10182,Flt_17512,0
Crew_10182,Flt_18259,0
Crew_10182,Flt_18257,0
Crew_10184,Flt_15438,0
Crew_10184,Flt_15437,0
Crew_10184,Flt_16832,0
Crew_10184,Flt_16278,0
Crew_10184,Flt_17288,0
Crew_10184,Flt_17128,0
Crew_10184,Flt_17816,0
Crew_10185,Flt_15603,0
Crew_10185,Flt_15641,0
Crew_10185,Flt_15630,0
Crew_10185,Flt_16553,0
Crew_10185,Flt_16550,0
Crew_10185,Flt_16570,0
Crew_10185,Flt_17044,0
Crew_10185,Flt_17048,0
Crew_10185,Flt_17530,0
Crew_10185,Flt_18196,0
Crew_10186,Flt_16040,0
Crew_10186,Flt_16409,0
Crew_10186,Flt_16887,0
Crew_10186,Flt_16886,0
Crew_10186,Flt_16885,0
Crew_10186,Flt_17948,0
Crew_10186,Flt_17543,0
Crew_10186,Flt_17540,0
Crew_10186,Flt_19433,0
Crew_10186,Flt_19801,0
Crew_10186,Flt_19800,0
Crew_10187,Grd_4082_10000,0
Crew_10187,Grd_4082_10001,0
Crew_10187,Flt_17785,0
Crew_10187,Flt_17749,0
Crew_10187,Flt_18031,0
Crew_10187,Flt_18799,0
Crew_10187,Flt_18820,0
Crew_10187,Flt_18814,0
Crew_10187,Flt_19881,0
Crew_10190,Flt_15977,0
Crew_10190,Flt_15515,0
Crew_10190,Flt_16246,0
Crew_10190,Flt_16307,0
Crew_10190,Flt_16302,0
Crew_10190,Flt_17148,0
Crew_10190,Flt_17144,0
Crew_10190,Flt_16952,0
Crew_10190,Flt_17640,0
Crew_10190,Flt_17848,0
Crew_10190,Flt_17844,0
Crew_10191,Flt_15797,0
Crew_10191,Flt_15794,0
Crew_10191,Flt_15512,0
Crew_10191,Flt_16493,0
Crew_10191,Flt_16714,0
Crew_10191,Flt_17413,0
Crew_10191,Flt_17902,0
Crew_10191,Flt_17717,0
Crew_10191,Flt_18538,0
Crew_10191,Flt_18534,0
Crew_10191,Flt_19954,0
Crew_10191,Flt_19951,0
Crew_10191,Flt_19949,0
Crew_10192,Flt_15659,0
Crew_10192,Flt_15658,0
Crew_10192,Flt_16382,0
Crew_10192,Flt_16380,0
Crew_10192,Flt_17129,0
Crew_10192,Flt_17127,0
Crew_10192,Flt_17123,0
Crew_10192,Flt_17122,0
Crew_10192,Flt_18119,0
Crew_10192,Flt_18116,0
Crew_10192,Flt_17747,0
Crew_10192,Flt_17714,0
Crew_10193,Grd_1172_10000,0
Crew_10193,Grd_1172_10001,0
Crew_10193,Flt_20025,0
Crew_10193,Flt_20021,0
Crew_10193,Flt_19965,0
Crew_10195,Flt_15746,0
Crew_10195,Flt_15743,0
Crew_10195,Flt_16242,0
Crew_10195,Flt_16238,0
Crew_10195,Flt_17177,0
Crew_10195,Flt_17527,0
Crew_10195,Flt_18266,0
Crew_10196,Flt_15549,0
Crew_10196,Flt_15474,0
Crew_10196,Flt_15494,0
Crew_10196,Flt_16575,0
Crew_10196,Flt_16586,0
Crew_10196,Flt_16584,0
Crew_10196,Flt_16424,0
Crew_10196,Flt_17192,0
Crew_10196,Flt_17186,0
Crew_10196,Flt_17504,0
Crew_10196,Flt_18241,0
Crew_10196,Flt_18164,0
Crew_10196,Flt_18163,0
Crew_10197,Flt_15772,0
Crew_10197,Flt_15770,0
Crew_10197,Flt_15764,0
Crew_10197,Flt_16486,0
Crew_10197,Flt_17199,0
Crew_10197,Flt_17195,0
Crew_10197,Flt_17503,0
Crew_10197,Flt_18207,0
Crew_10197,Flt_18205,0
Crew_10198,Flt_16127,0
Crew_10198,Flt_15552,0
Crew_10198,Flt_16497,0
Crew_10198,Flt_16771,0
Crew_10198,Flt_17524,0
Crew_10198,Flt_18269,0
Crew_10199,Flt_15810,0
Crew_10199,Flt_15805,0
Crew_10199,Flt_16228,0
Crew_10199,Flt_16224,0
Crew_10199,Flt_16317,0
Crew_10199,Flt_17417,0
Crew_10200,Grd_9414_10000,0
Crew_10200,ddh_14184,1
Crew_10201,Grd_2094_10000,0
Crew_10202,Grd_1643_10000,0
Crew_10202,Grd_1643_10001,0
Crew_10202,Flt_19911,0
Crew_10202,Flt_19906,0
Crew_10202,Flt_20196,0
Crew_10204,Grd_4106_10000,0
Crew_10205,Flt_15417,0
Crew_10205,Flt_15416,0
Crew_10205,Flt_15415,0
Crew_10205,Flt_16560,0
Crew_10205,Flt_16265,0
Crew_10205,Flt_17002,0
Crew_10205,Flt_17090,0
Crew_10205,Flt_18189,0
Crew_10205,Flt_18188,0
Crew_10206,Flt_15849,0
Crew_10206,Flt_15865,0
Crew_10206,Flt_15859,0
Crew_10206,Flt_15858,0
Crew_10206,Flt_16324,0
Crew_10206,Flt_16321,0
Crew_10206,Flt_16513,0
Crew_10206,Flt_17263,0
Crew_10206,Flt_17049,0
Crew_10206,Flt_17046,0
Crew_10206,Flt_17781,0
Crew_10207,Flt_15420,0
Crew_10207,Flt_15419,0
Crew_10207,Flt_15857,0
Crew_10207,Flt_16591,0
Crew_10207,Flt_16587,0
Crew_10207,Flt_16585,0
Crew_10207,Flt_17243,0
Crew_10207,Flt_17226,0
Crew_10207,Flt_17719,0
Crew_10209,Flt_15457,0
Crew_10209,Flt_16466,0
Crew_10209,Flt_16303,0
Crew_10209,Flt_16300,0
Crew_10209,Flt_17021,0
Crew_10209,Flt_17019,0
Crew_10209,Flt_17877,0
Crew_10209,Flt_17873,0
Crew_10209,Flt_17874,0
Crew_10210,Flt_15646,0
Crew_10210,Flt_16140,0
Crew_10210,Flt_16141,0
Crew_10210,Flt_16846,0
Crew_10210,Flt_16847,0
Crew_10210,Flt_16367,0
Crew_10210,Flt_17206,0
Crew_10210,Flt_17203,0
Crew_10210,Flt_18107,0
Crew_10210,Flt_18126,0
Crew_10210,Flt_18279,0
Crew_10211,Flt_15832,0
Crew_10211,Flt_15825,0
Crew_10211,Flt_15607,0
Crew_10211,Flt_16155,0
Crew_10211,Flt_16581,0
Crew_10211,Flt_16578,0
Crew_10211,Flt_17234,0
Crew_10211,Flt_16940,0
Crew_10211,Flt_17923,0
Crew_10211,Flt_17914,0
Crew_10211,Flt_17727,0
Crew_10212,Flt_15903,0
Crew_10212,Flt_15574,0
Crew_10212,Flt_16295,0
Crew_10212,Flt_17053,0
Crew_10212,Flt_17010,0
Crew_10212,Flt_17205,0
Crew_10212,Flt_17782,0
Crew_10212,Flt_17778,0
Crew_10213,Grd_2551_10000,0
Crew_10215,Flt_15898,0
Crew_10215,Flt_15895,0
Crew_10215,Flt_15947,0
Crew_10215,Flt_15943,0
Crew_10215,Flt_16620,0
Crew_10215,Flt_16616,0
Crew_10215,Flt_16674,0
Crew_10215,Flt_16672,0
Crew_10215,Flt_17311,0
Crew_10215,Flt_17308,0
Crew_10215,Flt_17375,0
Crew_10215,Flt_17372,0
Crew_10215,Flt_17794,0
Crew_10215,Flt_17791,0
Crew_10215,Flt_19525,0
Crew_10215,Flt_19523,0
Crew_10215,Flt_20129,0
Crew_10215,Flt_20279,0
Crew_10215,Flt_20276,0
Crew_10216,Flt_15911,0
Crew_10216,Flt_15908,0
Crew_10216,Flt_16593,0
Crew_10216,Flt_17440,0
Crew_10217,Grd_4036_10000,0
Crew_10217,Grd_4036_10001,0
Crew_10217,Grd_4036_10002,0
Crew_10218,Flt_15522,0
Crew_10218,Flt_15518,0
Crew_10218,Flt_16270,0
Crew_10218,Flt_16267,0
Crew_10218,Flt_16347,0
Crew_10218,Flt_17165,0
Crew_10218,Flt_17175,0
Crew_10218,Flt_17624,0
Crew_10218,Flt_18037,0
Crew_10219,Flt_15942,0
Crew_10219,Flt_15939,0
Crew_10219,Flt_16592,0
Crew_10219,Flt_17296,0
Crew_10219,Flt_17398,0
Crew_10219,Flt_18111,0
Crew_10219,Flt_18660,0
Crew_10220,Flt_15816,0
Crew_10220,Flt_15813,0
Crew_10220,Flt_15800,0
Crew_10220,Flt_17233,0
Crew_10220,Flt_17729,0
Crew_10220,Flt_18272,0
Crew_10220,Flt_18271,0
Crew_10221,Flt_15949,0
Crew_10221,Flt_16669,0
Crew_10221,Flt_16521,0
Crew_10221,Flt_16963,0
Crew_10221,Flt_16959,0
Crew_10221,Flt_17616,0
Crew_10221,Flt_17683,0
Crew_10221,Flt_17679,0
Crew_10223,Flt_15955,0
Crew_10223,Flt_16675,0
Crew_10223,Flt_16868,0
Crew_10223,Flt_16867,0
Crew_10223,Flt_17251,0
Crew_10223,Flt_17962,0
Crew_10223,Flt_19939,0
Crew_10223,Flt_19935,0
Crew_10223,Flt_19867,0
Crew_10224,Flt_15907,0
Crew_10224,Flt_15880,0
Crew_10224,Flt_16212,0
Crew_10224,Flt_16483,0
Crew_10224,Flt_16908,0
Crew_10224,Flt_18180,0
Crew_10224,Flt_18178,0
Crew_10225,Grd_1332_10001,0
Crew_10225,Flt_19972,0
Crew_10225,Flt_19971,0
Crew_10225,Flt_19807,0
Crew_10226,Flt_15632,0
Crew_10226,Flt_16073,0
Crew_10226,Flt_16051,0
Crew_10226,Flt_16792,0
Crew_10226,Flt_16791,0
Crew_10227,Flt_15995,0
Crew_10227,Flt_15991,0
Crew_10227,Flt_15623,0
Crew_10227,Flt_15539,0
Crew_10227,Flt_16435,0
Crew_10227,Flt_16299,0
Crew_10227,Flt_17272,0
Crew_10227,Flt_17112,0
Crew_10227,Flt_17797,0
Crew_10227,Flt_17658,0
Crew_10228,Flt_16013,0
Crew_10228,Flt_16012,0
Crew_10228,Flt_16015,0
Crew_10228,Flt_16182,0
Crew_10228,Flt_16430,0
Crew_10228,Flt_16954,0
Crew_10228,Flt_17662,0
Crew_10228,Flt_17674,0
Crew_10228,Flt_17670,0
Crew_10228,Flt_17655,0
Crew_10228,Flt_19909,0
Crew_10228,Flt_19907,0
Crew_10228,Flt_19833,0
Crew_10231,Flt_15612,0
Crew_10231,Flt_15568,0
Crew_10231,Flt_16250,0
Crew_10231,Flt_17193,0
Crew_10231,Flt_17585,0
Crew_10231,Flt_18195,0
Crew_10232,Grd_3105_10000,0
Crew_10233,Flt_15965,0
Crew_10233,Flt_15904,0
Crew_10233,Flt_16625,0
Crew_10233,Flt_17369,0
Crew_10233,Flt_17366,0
Crew_10233,Flt_16861,0
Crew_10233,Flt_16860,0
Crew_10237,Grd_4089_10000,0
Crew_10239,Flt_15792,0
Crew_10239,Flt_15812,0
Crew_10239,Flt_16266,0
Crew_10239,Flt_16981,0
Crew_10239,Flt_17688,0
Crew_10239,Flt_17686,0
Crew_10239,Flt_17698,0
Crew_10241,Flt_15753,0
Crew_10241,Flt_15748,0
Crew_10241,Flt_16488,0
Crew_10241,Flt_16953,0
Crew_10241,Flt_16976,0
Crew_10241,Flt_17677,0
Crew_10241,Flt_17673,0
Crew_10242,Grd_1113_10000,0
Crew_10242,Grd_1113_10001,0
Crew_10242,Grd_1113_10002,0
Crew_10242,Grd_1113_10003,0
Crew_10242,Flt_19045,0
Crew_10242,Flt_19044,0
Crew_10243,Grd_1030_10000,0
Crew_10243,Flt_17074,0
Crew_10243,Flt_17072,0
Crew_10243,Flt_17314,0
Crew_10243,Flt_17309,0
Crew_10243,Flt_17755,0
Crew_10243,Flt_17754,0
Crew_10243,Flt_18075,0
Crew_10243,Flt_18072,0
Crew_10243,Flt_18501,0
Crew_10243,Flt_18316,0
Crew_10243,Flt_18315,0
Crew_10244,Flt_15773,0
Crew_10244,Flt_15769,0
Crew_10244,Flt_15504,0
Crew_10244,Flt_16227,0
Crew_10244,Flt_17042,0
Crew_10244,Flt_17975,0
Crew_10244,Flt_19176,0
Crew_10244,Flt_20141,0
Crew_10244,Flt_20110,0
Crew_10249,Flt_15714,0
Crew_10249,Flt_15711,0
Crew_10249,Flt_16440,0
Crew_10249,Flt_16436,0
Crew_10249,Flt_17018,0
Crew_10249,Flt_17411,0
Crew_10249,Flt_18265,0
Crew_10250,Flt_15974,0
Crew_10250,Flt_16201,0
Crew_10250,Flt_16205,0
Crew_10250,Flt_17433,0
Crew_10250,Flt_18161,0
Crew_10251,Flt_15407,0
Crew_10251,Flt_15406,0
Crew_10251,Flt_16514,0
Crew_10251,Flt_16519,0
Crew_10251,Flt_17268,0
Crew_10251,Flt_17266,0
Crew_10251,Flt_16866,0
Crew_10252,Flt_15411,0
Crew_10252,Flt_15410,0
Crew_10252,Flt_15846,0
Crew_10252,Flt_15843,0
Crew_10252,Flt_16533,0
Crew_10252,Flt_16527,0
Crew_10252,Flt_16158,0
Crew_10252,Flt_17546,0
Crew_10253,Grd_2424_10000,0
Crew_10254,Flt_15852,0
Crew_10255,Grd_42771_10000,0
Crew_10256,Flt_15928,0
Crew_10256,Flt_15915,0
Crew_10256,Flt_16509,0
Crew_10256,Flt_16530,0
Crew_10256,Flt_16485,0
Crew_10256,Flt_17099,0
Crew_10256,Flt_17094,0
Crew_10257,Flt_15404,0
Crew_10257,Flt_15405,0
Crew_10257,Flt_16627,0
Crew_10257,Flt_16626,0
Crew_10257,Flt_17289,0
Crew_10257,Flt_17295,0
Crew_10257,Flt_17294,0
Crew_10257,Flt_17142,0
Crew_10257,Flt_17845,0
Crew_10257,Flt_18151,0
Crew_10258,Flt_15884,0
Crew_10258,Flt_15879,0
Crew_10258,Flt_15829,0
Crew_10258,Flt_15824,0
Crew_10258,Flt_16358,0
Crew_10258,Flt_16617,0
Crew_10258,Flt_17300,0
Crew_10258,Flt_17297,0
Crew_10258,Flt_17034,0
Crew_10261,Flt_16029,0
Crew_10261,Flt_16026,0
Crew_10261,Flt_16750,0
Crew_10261,Flt_16747,0
Crew_10261,Flt_17445,0
Crew_10261,Flt_17442,0
Crew_10261,Flt_18159,0
Crew_10261,Flt_18156,0
Crew_10262,Flt_15745,0
Crew_10262,Flt_15739,0
Crew_10262,Flt_16467,0
Crew_10262,Flt_16464,0
Crew_10262,Flt_17040,0
Crew_10262,Flt_17965,0
Crew_10262,Flt_17924,0
Crew_10263,Flt_15768,0
Crew_10263,Flt_15766,0
Crew_10263,Flt_15808,0
Crew_10263,Flt_16185,0
Crew_10263,Flt_16184,0
Crew_10263,Flt_18234,0
Crew_10263,Flt_18249,0
Crew_10263,Flt_19002,0
Crew_10265,Flt_15860,0
Crew_10265,Flt_15848,0
Crew_10265,Flt_16548,0
Crew_10265,Flt_16544,0
Crew_10265,Flt_16258,0
Crew_10266,Flt_15897,0
Crew_10266,Flt_15892,0
Crew_10266,Flt_15888,0
Crew_10266,Flt_15887,0
Crew_10266,Flt_16515,0
Crew_10266,Flt_16225,0
Crew_10266,Flt_17331,0
Crew_10266,Flt_17328,0
Crew_10266,Flt_17009,0
Crew_10266,Flt_18108,0
Crew_10267,Grd_2087_10000,0
Crew_10267,Grd_2087_10001,0
Crew_10267,Grd_2087_10002,0
Crew_10267,Flt_18364,0
Crew_10267,Flt_18391,0
Crew_10267,Flt_18382,0
Crew_10268,Flt_15597,0
Crew_10268,Flt_16337,0
Crew_10268,Flt_17154,0
Crew_10268,Flt_17916,0
Crew_10268,Flt_17911,0
Crew_10269,Flt_15529,0
Crew_10269,Flt_15558,0
Crew_10269,Flt_16379,0
Crew_10269,Flt_16404,0
Crew_10269,Flt_16945,0
Crew_10269,Flt_17535,0
Crew_10269,Flt_17978,0
Crew_10270,Flt_19286,0
Crew_10270,Flt_19283,0
Crew_10270,Flt_19235,0
Crew_10270,Flt_19231,0
Crew_10270,Flt_19987,0
Crew_10270,Flt_19986,0
Crew_10271,Flt_15489,0
Crew_10271,Flt_15990,0
Crew_10272,Flt_15440,0
Crew_10272,Flt_15439,0
Crew_10272,Flt_16571,0
Crew_10272,Flt_16568,0
Crew_10272,Flt_17361,0
Crew_10274,Grd_4097_10001,0
Crew_10274,Flt_19998,0
Crew_10274,Flt_19967,0
Crew_10274,Flt_20242,0
Crew_10275,Flt_16362,0
Crew_10275,Flt_16356,0
Crew_10275,Flt_16372,0
Crew_10275,Flt_17120,0
Crew_10275,Flt_17523,0
Crew_10275,Flt_17519,0
Crew_10275,Flt_17665,0
Crew_10275,Flt_18061,0
Crew_10275,Flt_18055,0
Crew_10275,Flt_18509,0
Crew_10275,Flt_18503,0
Crew_10275,Flt_18398,0
Crew_10276,Flt_19249,0
Crew_10276,Flt_19620,0
Crew_10276,Flt_19616,0
Crew_10276,Flt_20024,0
Crew_10276,Flt_20023,0
Crew_10277,Grd_4090_10000,0
Crew_10277,Grd_4090_10001,0
Crew_10277,Flt_17301,0
Crew_10278,Flt_16067,0
Crew_10278,Flt_16066,0
Crew_10278,Flt_16899,0
Crew_10278,Flt_17189,0
Crew_10278,Flt_17626,0
Crew_10278,Flt_17625,0
Crew_10279,Flt_15916,0
Crew_10279,Flt_16646,0
Crew_10279,Flt_16989,0
Crew_10279,Flt_16986,0
Crew_10279,Flt_17774,0
Crew_10279,Flt_18203,0
Crew_10280,Flt_15671,0
Crew_10280,Flt_15668,0
Crew_10280,Flt_16696,0
Crew_10280,Flt_17396,0
Crew_10280,Flt_17548,0
Crew_10281,Grd_1366_10000,0
Crew_10282,Grd_10600_10000,0
Crew_10283,Grd_1350_10000,0
Crew_10283,Flt_19963,0
Crew_10283,Flt_19985,0
Crew_10284,ddh_13159,1
Crew_10285,Grd_10599_10000,0
Crew_10285,Grd_10599_10001,0
Crew_10285,Flt_17259,0
Crew_10285,Flt_17256,0
Crew_10285,Flt_17028,0
Crew_10285,Flt_18155,0
Crew_10285,Flt_18153,0
Crew_10287,Flt_15550,0
Crew_10287,Flt_15535,0
Crew_10287,Flt_16378,0
Crew_10287,Flt_16374,0
Crew_10287,Flt_16274,0
Crew_10287,Flt_16991,0
Crew_10287,Flt_17957,0
Crew_10288,Flt_15845,0
Crew_10288,Flt_15842,0
Crew_10288,Flt_15964,0
Crew_10288,Flt_17405,0
Crew_10288,Flt_17284,0
Crew_10288,Flt_17280,0
Crew_10288,Flt_17988,0
Crew_10288,Flt_18139,0
Crew_10291,Flt_19251,0
Crew_10291,Flt_19247,0
Crew_10291,Flt_19129,0
Crew_10291,Flt_20034,0
Crew_10291,Flt_20047,0
Crew_10291,Flt_20043,0
Crew_10291,Flt_20057,0
Crew_10292,Flt_16104,0
Crew_10292,Flt_16438,0
Crew_10292,Flt_16423,0
Crew_10292,Flt_17137,0
Crew_10292,Flt_17133,0
Crew_10292,Flt_17139,0
Crew_10293,Flt_16101,0
Crew_10293,Flt_16135,0
Crew_10293,Flt_16391,0
Crew_10293,Flt_16526,0
Crew_10293,Flt_17559,0
Crew_10293,Flt_17558,0
Crew_10294,Flt_15975,0
Crew_10294,Flt_15972,0
Crew_10294,Flt_16599,0
Crew_10294,Flt_16622,0
Crew_10294,Flt_16159,0
Crew_10295,Flt_15909,0
Crew_10295,Flt_15918,0
Crew_10295,Flt_16489,0
Crew_10295,Flt_16484,0
Crew_10295,Flt_16595,0
Crew_10295,Flt_17516,0
Crew_10295,Flt_18254,0
Crew_10297,Flt_15622,0
Crew_10297,Flt_15624,0
Crew_10297,Flt_15537,0
Crew_10297,Flt_16310,0
Crew_10297,Flt_16502,0
Crew_10297,Flt_17494,0
Crew_10297,Flt_17493,0
Crew_10297,Flt_17492,0
Crew_10297,Flt_17539,0
Crew_10297,Flt_17538,0
Crew_10297,Flt_17969,0
Crew_10299,Flt_15542,0
Crew_10299,Flt_15553,0
Crew_10299,Flt_15591,0
Crew_10299,Flt_15617,0
Crew_10299,Flt_16268,0
Crew_10299,Flt_16279,0
Crew_10299,Flt_16276,0
Crew_10299,Flt_16261,0
Crew_10299,Flt_16987,0
Crew_10299,Flt_16997,0
Crew_10299,Flt_16994,0
Crew_10299,Flt_16980,0
Crew_10299,Flt_17991,0
Crew_10299,Flt_18015,0
Crew_10299,Flt_17971,0
Crew_10299,Flt_17944,0
Crew_10299,Flt_20109,0
Crew_10299,Flt_20101,0
Crew_10299,Flt_19946,0
Crew_10300,Flt_15828,0
Crew_10300,Flt_15999,0
Crew_10300,Flt_15998,0
Crew_10300,Flt_17264,0
Crew_10300,Flt_17952,0
Crew_10301,Grd_3018_10000,0
Crew_10301,Flt_16529,0
Crew_10301,Flt_17242,0
Crew_10301,Flt_17973,0
Crew_10301,Flt_17983,0
Crew_10301,Flt_17635,0
Crew_10302,Grd_1115_10000,0
Crew_10303,Grd_1096_10000,0
Crew_10303,Flt_16650,0
Crew_10303,Flt_17779,0
Crew_10303,Flt_20158,0
Crew_10303,Flt_20142,0
Crew_10303,Flt_19931,0
Crew_10304,Flt_15954,0
Crew_10304,Flt_15945,0
Crew_10304,Flt_16385,0
Crew_10304,Flt_18027,0
Crew_10304,Flt_19770,0
Crew_10304,Flt_19817,0
Crew_10305,Flt_15779,0
Crew_10305,Flt_15776,0
Crew_10305,Flt_16322,0
Crew_10305,Flt_17159,0
Crew_10305,Flt_17166,0
Crew_10305,Flt_17715,0
Crew_10305,Flt_17822,0
Crew_10305,Flt_17817,0
Crew_10305,Flt_18625,0
Crew_10306,Flt_15614,0
Crew_10306,Flt_15980,0
Crew_10306,Flt_16700,0
Crew_10306,Flt_17255,0
Crew_10306,Flt_17275,0
Crew_10306,Flt_17277,0
Crew_10306,Flt_18252,0
Crew_10308,Grd_1557_10000,0
Crew_10310,Flt_15707,0
Crew_10310,Flt_15703,0
Crew_10310,Flt_16286,0
Crew_10310,Flt_17029,0
Crew_10310,Flt_17859,0
Crew_10310,Flt_18145,0
Crew_10311,Flt_16573,0
Crew_10311,Flt_17038,0
Crew_10311,Flt_17620,0
Crew_10311,Flt_18373,0
Crew_10311,Flt_18358,0
Crew_10312,Grd_3104_10000,0
Crew_10313,Grd_1620_10000,0
Crew_10313,Grd_1620_10001,0
Crew_10314,Flt_15882,0
Crew_10314,Flt_15876,0
Crew_10314,Flt_15802,0
Crew_10314,Flt_16950,0
Crew_10314,Flt_17305,0
Crew_10314,Flt_18016,0
Crew_10314,Flt_20132,0
Crew_10314,Flt_20130,0
Crew_10314,Flt_20154,0
Crew_10314,Flt_20029,0
Crew_10316,Flt_16156,0
Crew_10316,Flt_17544,0
Crew_10316,Flt_17979,0
Crew_10316,Flt_18874,0
Crew_10316,Flt_18871,0
Crew_10316,Flt_18868,0
Crew_10317,Flt_15960,0
Crew_10318,Grd_2000_10000,0
Crew_10319,Flt_15953,0
Crew_10319,Flt_15948,0
Crew_10319,Flt_16333,0
Crew_10319,Flt_16843,0
Crew_10319,Flt_16842,0
Crew_10319,Flt_17963,0
Crew_10319,Flt_17949,0
Crew_10319,Flt_17946,0
Crew_10319,Flt_19229,0
Crew_10319,Flt_19226,0
Crew_10319,Flt_20077,0
Crew_10319,Flt_20073,0
Crew_10319,Flt_20243,0
Crew_10321,Flt_15933,0
Crew_10321,Flt_17384,0
Crew_10321,Flt_17248,0
Crew_10321,Flt_17925,0
Crew_10321,Flt_17968,0
Crew_10321,Flt_17964,0
Crew_10321,Flt_19130,0
Crew_10321,Flt_19126,0
Crew_10321,Flt_19783,0
Crew_10322,Grd_10468_10000,0
Crew_10322,Grd_10468_10001,0
Crew_10322,Grd_10468_10002,0
Crew_10322,Grd_10468_10003,0
Crew_10323,Flt_15751,0
Crew_10323,Flt_16144,0
Crew_10325,Flt_15688,0
Crew_10325,Flt_15685,0
Crew_10325,Flt_15682,0
Crew_10325,Flt_15681,0
Crew_10325,Flt_16181,0
Crew_10325,Flt_17497,0
Crew_10325,Flt_17573,0
Crew_10325,Flt_17572,0
Crew_10325,Flt_19766,0
Crew_10325,Flt_20149,0
Crew_10325,Flt_20155,0
Crew_10327,Flt_15458,0
Crew_10327,Flt_16175,0
Crew_10327,Flt_16879,0
Crew_10327,Flt_17565,0
Crew_10327,Flt_17564,0
Crew_10327,Flt_17563,0
Crew_10328,Flt_15547,0
Crew_10328,Flt_16269,0
Crew_10328,Flt_16301,0
Crew_10328,Flt_16298,0
Crew_10328,Flt_17299,0
Crew_10328,Flt_17974,0
Crew_10328,Flt_17537,0
Crew_10328,Flt_17536,0
Crew_10328,Flt_19842,0
Crew_10328,Flt_19838,0
Crew_10328,Flt_19933,0
Crew_10329,Grd_1323_10003,0
Crew_10329,Flt_20356,0
Crew_10329,Flt_20354,0
Crew_10329,Flt_20353,0
Crew_10330,Flt_16045,0
Crew_10330,Flt_16068,0
Crew_10330,Flt_16770,0
Crew_10330,Flt_16244,0
Crew_10330,Flt_17721,0
Crew_10332,Flt_15662,0
Crew_10332,Flt_15657,0
Crew_10333,Flt_15935,0
Crew_10333,Flt_15931,0
Crew_10333,Flt_16539,0
Crew_10333,Flt_16536,0
Crew_10333,Flt_16574,0
Crew_10334,Grd_1649_10000,0
Crew_10335,Flt_15890,0
Crew_10335,Flt_15886,0
Crew_10335,Flt_16534,0
Crew_10335,Flt_16531,0
Crew_10335,Flt_16384,0
Crew_10335,Flt_17097,0
Crew_10335,Flt_18000,0
Crew_10335,Flt_17907,0
Crew_10335,Flt_18332,0
Crew_10336,Grd_2080_10000,0
Crew_10336,Flt_16556,0
Crew_10336,Flt_17228,0
Crew_10336,Flt_17981,0
Crew_10336,Flt_17819,0
Crew_10336,Flt_17875,0
Crew_10336,Flt_17871,0
Crew_10337,Flt_15548,0
Crew_10337,Flt_15546,0
Crew_10337,Flt_16551,0
Crew_10337,Flt_16549,0
Crew_10337,Flt_16583,0
Crew_10337,Flt_17506,0
Crew_10337,Flt_17505,0
Crew_10337,Flt_18248,0
Crew_10338,Flt_15531,0
Crew_10338,Flt_16282,0
Crew_10338,Flt_17095,0
Crew_10338,Flt_17510,0
Crew_10338,Flt_17669,0
Crew_10338,Flt_17649,0
Crew_10341,Grd_1173_10000,0
Crew_10341,Flt_20326,0
Crew_10342,Flt_16044,0
Crew_10342,Flt_16043,0
Crew_10342,Flt_16749,0
Crew_10342,Flt_18223,0
Crew_10342,Flt_18222,0
Crew_10342,Flt_18215,0
Crew_10343,Flt_15836,0
Crew_10343,Flt_15831,0
Crew_10343,Flt_16255,0
Crew_10343,Flt_16823,0
Crew_10343,Flt_16878,0
Crew_10343,Flt_16877,0
Crew_10344,Flt_16112,0
Crew_10344,Flt_16164,0
Crew_10344,Flt_16874,0
Crew_10344,Flt_18243,0
Crew_10344,Flt_18242,0
Crew_10345,Flt_16126,0
Crew_10345,Flt_16125,0
Crew_10345,Flt_15456,0
Crew_10345,Flt_16732,0
Crew_10345,Flt_16729,0
Crew_10345,Flt_18143,0
Crew_10346,Grd_3038_10000,0
Crew_10346,Grd_3038_10001,0
Crew_10346,Grd_3038_10002,0
Crew_10347,Flt_16439,0
Crew_10347,Flt_16260,0
Crew_10347,Flt_17267,0
Crew_10347,Flt_17262,0
Crew_10347,Flt_17239,0
Crew_10347,Flt_17641,0
Crew_10347,Flt_17547,0
Crew_10347,Flt_18292,0
Crew_10348,Flt_16064,0
Crew_10348,Flt_16055,0
Crew_10348,Flt_16837,0
Crew_10348,Flt_18255,0
Crew_10348,Flt_18253,0
Crew_10350,Flt_16004,0
Crew_10350,Flt_16001,0
Crew_10350,Flt_16734,0
Crew_10350,Flt_16730,0
Crew_10350,Flt_17487,0
Crew_10350,Flt_17883,0
Crew_10350,Flt_17879,0
Crew_10351,Grd_1618_10000,0
Crew_10351,Flt_16606,0
Crew_10351,Flt_16603,0
Crew_10351,Flt_16629,0
Crew_10351,Flt_17336,0
Crew_10351,Flt_17950,0
Crew_10351,Flt_18127,0
Crew_10351,Flt_18125,0
Crew_10352,Flt_15638,0
Crew_10352,Flt_16314,0
Crew_10352,Flt_17155,0
Crew_10352,Flt_17151,0
Crew_10352,Flt_17831,0
Crew_10352,Flt_17828,0
Crew_10353,Flt_16343,0
Crew_10353,Flt_16973,0
Crew_10353,Flt_17508,0
Crew_10353,Flt_17802,0
Crew_10353,Flt_18062,0
Crew_10353,Flt_18642,0
Crew_10353,Flt_18636,0
Crew_10353,Flt_18677,0
Crew_10354,Flt_15445,0
Crew_10354,Flt_15444,0
Crew_10354,Flt_15443,0
Crew_10354,Flt_15442,0
Crew_10354,Flt_16351,0
Crew_10354,Flt_16264,0
Crew_10354,Flt_16979,0
Crew_10354,Flt_17551,0
Crew_10354,Flt_17550,0
Crew_10355,Flt_16231,0
Crew_10355,Flt_16146,0
Crew_10355,Flt_16925,0
Crew_10355,Flt_18148,0
Crew_10355,Flt_18949,0
Crew_10355,Flt_18644,0
Crew_10356,Flt_16009,0
Crew_10356,Flt_16724,0
Crew_10356,Flt_17056,0
Crew_10356,Flt_16998,0
Crew_10356,Flt_17647,0
Crew_10356,Flt_18399,0
Crew_10357,Grd_1595_10000,0
Crew_10357,Grd_1595_10001,0
Crew_10357,Flt_18541,0
Crew_10357,Flt_18562,0
Crew_10357,Flt_19635,0
Crew_10357,Flt_19638,0
Crew_10357,Flt_19643,0
Crew_10359,Flt_15869,0
Crew_10359,Flt_17723,0
Crew_10359,Flt_17652,0
Crew_10361,Grd_3035_10000,0
Crew_10361,Grd_3035_10001,0
Crew_10361,Grd_3035_10002,0
Crew_10362,Flt_15997,0
Crew_10362,Flt_15996,0
Crew_10362,Flt_15993,0
Crew_10362,Flt_15992,0
Crew_10362,Flt_16721,0
Crew_10362,Flt_17290,0
Crew_10362,Flt_16921,0
Crew_10362,Flt_18093,0
Crew_10363,Flt_17987,0
Crew_10363,Flt_17843,0
Crew_10363,Flt_18614,0
Crew_10363,Flt_18581,0
Crew_10363,Flt_18620,0
Crew_10363,Flt_19375,0
Crew_10363,Flt_19733,0
Crew_10363,Flt_20153,0
Crew_10364,Flt_16462,0
Crew_10364,Flt_16222,0
Crew_10364,Flt_16969,0
Crew_10364,Flt_17471,0
Crew_10364,Flt_18167,0
Crew_10364,Flt_18225,0
Crew_10364,Flt_18219,0
Crew_10364,Flt_18692,0
Crew_10364,Flt_18783,0
Crew_10365,Flt_15926,0
Crew_10365,Flt_16410,0
Crew_10365,Flt_16850,0
Crew_10365,Flt_17282,0
Crew_10365,Flt_17807,0
Crew_10366,Flt_15967,0
Crew_10366,Flt_17392,0
Crew_10366,Flt_17338,0
Crew_10366,Flt_18020,0
Crew_10366,Flt_19941,0
Crew_10366,Flt_19937,0
Crew_10366,Flt_20098,0
Crew_10367,Flt_16119,0
Crew_10367,Flt_16117,0
Crew_10367,Flt_16827,0
Crew_10367,Flt_16293,0
Crew_10367,Flt_17197,0
Crew_10367,Flt_17570,0
Crew_10367,Flt_17567,0
Crew_10368,Grd_1308_10000,0
Crew_10368,Flt_16619,0
Crew_10368,Flt_16615,0
Crew_10368,Flt_16297,0
Crew_10368,Flt_17015,0
Crew_10368,Flt_17735,0
Crew_10368,Flt_17731,0
Crew_10368,Flt_17730,0
Crew_10369,Flt_20180,0
Crew_10369,Flt_19945,0
Crew_10370,Flt_16075,0
Crew_10370,Flt_15649,0
Crew_10370,Flt_15636,0
Crew_10370,Flt_16761,0
Crew_10370,Flt_16775,0
Crew_10370,Flt_17486,0
Crew_10370,Flt_17484,0
Crew_10370,Flt_18162,0
Crew_10371,Flt_15430,0
Crew_10371,Flt_15429,0
Crew_10371,Flt_16456,0
Crew_10371,Grd_1596_10000,0
Crew_10372,Grd_3096_10000,0
Crew_10372,Grd_3096_10001,0
Crew_10372,Grd_3096_10002,0
Crew_10372,Flt_20169,0
Crew_10372,Flt_20165,0
Crew_10372,Flt_20223,0
Crew_10372,Flt_20217,0
Crew_10373,Flt_16087,0
Crew_10373,Flt_16085,0
Crew_10373,Flt_17478,0
Crew_10373,Flt_17476,0
Crew_10373,Flt_18181,0
Crew_10373,Flt_18179,0
Crew_10374,Flt_15763,0
Crew_10374,Flt_16386,0
Crew_10374,Flt_16161,0
Crew_10374,Flt_17016,0
Crew_10374,Flt_17697,0
Crew_10374,Flt_19887,0
Crew_10374,Flt_19884,0
Crew_10374,Flt_19958,0
Crew_10375,Flt_15905,0
Crew_10375,Flt_17436,0
Crew_10375,Flt_17929,0
Crew_10375,Flt_18026,0
Crew_10376,Grd_1315_10000,0
Crew_10376,Grd_1315_10001,0
Crew_10377,Grd_4122_10000,0
Crew_10378,Flt_15450,0
Crew_10378,Flt_15449,0
Crew_10378,Flt_15448,0
Crew_10378,Flt_16855,0
Crew_10378,Flt_18001,0
Crew_10378,Flt_17998,0
Crew_10378,Flt_17590,0
Crew_10378,Flt_17588,0
Crew_10378,Flt_20124,0
Crew_10378,Flt_20122,0
Crew_10378,Flt_19924,0
Crew_10380,Grd_1019_10000,0
Crew_10380,Grd_1019_10001,0
Crew_10381,Grd_1090_10000,0
Crew_10381,Grd_1090_10001,0
Crew_10384,Grd_2190_10000,0
Crew_10384,Grd_2190_10001,0
Crew_10384,Flt_16985,0
Crew_10384,Flt_17648,0
Crew_10384,Flt_20157,0
Crew_10384,Flt_20156,0
Crew_10384,Flt_20118,0
Crew_10386,Flt_15677,0
Crew_10386,Flt_15676,0
Crew_10386,Flt_15644,0
Crew_10386,Flt_16666,0
Crew_10386,Flt_16652,0
Crew_10386,Flt_17283,0
Crew_10386,Flt_17279,0
Crew_10386,Flt_17664,0
Crew_10387,Flt_16111,0
Crew_10387,Flt_16110,0
Crew_10387,Flt_16109,0
Crew_10387,Flt_16108,0
Crew_10387,Flt_16817,0
Crew_10387,Flt_16816,0
Crew_10387,Flt_16808,0
Crew_10387,Flt_16807,0
Crew_10387,Flt_17485,0
Crew_10387,Flt_17483,0
Crew_10387,Flt_17477,0
Crew_10387,Flt_18166,0
Crew_10388,Flt_16096,0
Crew_10388,Flt_16479,0
Crew_10388,Flt_16955,0
Crew_10388,Flt_17942,0
Crew_10388,Flt_17939,0
Crew_10388,Flt_17935,0
Crew_10389,Flt_16285,0
Crew_10389,Flt_16253,0
Crew_10389,Flt_17343,0
Crew_10389,Flt_17352,0
Crew_10389,Flt_17793,0
Crew_10389,Flt_17788,0
Crew_10389,Flt_18649,0
Crew_10389,Flt_18527,0
Crew_10390,Flt_16469,0
Crew_10390,Flt_17496,0
Crew_10390,Flt_17447,0
Crew_10390,Flt_17940,0
Crew_10390,Flt_17992,0
Crew_10390,Flt_18774,0
Crew_10391,Flt_15567,0
Crew_10391,Flt_16710,0
Crew_10391,Flt_16711,0
Crew_10391,Flt_17432,0
Crew_10391,Flt_17732,0
Crew_10391,Flt_19271,0
Crew_10391,Flt_20177,0
Crew_10391,Flt_20150,0
Crew_10392,Flt_16562,0
Crew_10392,Flt_16864,0
Crew_10392,Flt_16863,0
Crew_10392,Flt_17959,0
Crew_10392,Flt_18470,0
Crew_10392,Flt_18466,0
Crew_10392,Flt_18394,0
Crew_10393,Flt_15950,0
Crew_10393,Flt_16726,0
Crew_10393,Flt_17107,0
Crew_10393,Flt_18025,0
Crew_10394,Grd_3103_10002,0
Crew_10394,Flt_19799,0
Crew_10394,Flt_19798,0
Crew_10395,Flt_15543,0
Crew_10395,Flt_16248,0
Crew_10395,Flt_16949,0
Crew_10395,Flt_17681,0
Crew_10397,Flt_16501,0
Crew_10397,Flt_17214,0
Crew_10397,Flt_17633,0
Crew_10397,Flt_18935,0
Crew_10397,Flt_18936,0
Crew_10397,Flt_18934,0
Crew_10398,Flt_16081,0
Crew_10398,Flt_16752,0
Crew_10398,Flt_17281,0
Crew_10398,Flt_17659,0
Crew_10400,Flt_15471,0
Crew_10400,Flt_16919,0
Crew_10400,Flt_17232,0
Crew_10400,Flt_17576,0
Crew_10400,Flt_17820,0
Crew_10401,Flt_15599,0
Crew_10401,Flt_15595,0
Crew_10401,Flt_16162,0
Crew_10401,Flt_17455,0
Crew_10401,Flt_18199,0
Crew_10403,Flt_16131,0
Crew_10403,Flt_16609,0
Crew_10403,Flt_16643,0
Crew_10403,Flt_17347,0
Crew_10403,Flt_17291,0
Crew_10403,Flt_17580,0
Crew_10403,Flt_20106,0
Crew_10403,Flt_20258,0
Crew_10404,Flt_15871,0
Crew_10404,Flt_15899,0
Crew_10404,Flt_15823,0
Crew_10404,Flt_17258,0
Crew_10404,Flt_17320,0
Crew_10404,Flt_17319,0
Crew_10404,Flt_18018,0
Crew_10404,Flt_18014,0
Crew_10404,Flt_18069,0
Crew_10404,Flt_18067,0
Crew_10404,Flt_19426,0
Crew_10404,Flt_19421,0
Crew_10404,Flt_19885,0
Crew_10404,Flt_19897,0
Crew_10404,Flt_20105,0
Crew_10405,Grd_4094_10000,0
Crew_10405,Grd_4094_10001,0
Crew_10405,Grd_4094_10002,0
Crew_10405,Grd_4094_10003,0
Crew_10405,Flt_19779,0
Crew_10405,Flt_19778,0
Crew_10406,Grd_4135_10000,0
Crew_10407,Flt_16701,0
Crew_10407,Flt_16528,0
Crew_10407,Flt_16933,0
Crew_10407,Flt_18032,0
Crew_10407,Flt_18003,0
Crew_10407,Flt_19576,0
Crew_10407,Flt_19570,0
Crew_10407,Flt_19964,0
Crew_10407,Flt_19912,0
Crew_10409,Flt_16095,0
Crew_10409,Flt_16093,0
Crew_10409,Flt_16778,0
Crew_10409,Flt_16795,0
Crew_10409,Flt_17457,0
Crew_10409,Flt_17893,0
Crew_10409,Flt_17869,0
Crew_10410,Flt_15554,0
Crew_10410,Flt_16707,0
Crew_10410,Flt_17419,0
Crew_10411,Flt_15733,0
Crew_10411,Flt_16498,0
Crew_10411,Flt_16946,0
Crew_10411,Flt_17936,0
Crew_10411,Flt_17932,0
Crew_10411,Flt_17630,0
Crew_10412,Flt_15838,0
Crew_10412,Flt_17507,0
Crew_10412,Flt_18262,0
Crew_10412,Flt_18106,0
Crew_10413,Flt_16124,0
Crew_10413,Flt_16122,0
Crew_10413,Flt_16831,0
Crew_10413,Flt_16829,0
Crew_10413,Flt_17515,0
Crew_10413,Flt_17513,0
Crew_10413,Flt_18260,0
Crew_10413,Flt_18258,0
Crew_10413,Flt_20351,0
Crew_10413,Flt_20081,0
Crew_10413,Flt_20078,0
Crew_10414,Flt_15507,0
Crew_10414,Flt_16890,0
Crew_10414,Flt_16889,0
Crew_10414,Flt_17827,0
Crew_10414,Flt_17825,0
Crew_10415,Flt_15855,0
Crew_10415,Flt_17287,0
Crew_10415,Flt_17406,0
Crew_10415,Flt_18100,0
Crew_10415,Flt_19826,0
Crew_10415,Flt_19820,0
Crew_10415,Flt_19932,0
Crew_10416,Flt_16445,0
Crew_10416,Flt_16443,0
Crew_10416,Flt_17005,0
Crew_10416,Flt_17800,0
Crew_10416,Flt_17571,0
Crew_10416,Flt_18214,0
Crew_10416,Flt_18937,0
Crew_10416,Flt_18386,0
Crew_10417,Flt_16094,0
Crew_10417,Flt_16092,0
Crew_10417,Flt_16086,0
Crew_10417,Flt_16796,0
Crew_10419,Flt_16133,0
Crew_10419,Flt_16840,0
Crew_10419,Flt_18183,0
Crew_10420,Flt_15472,0
Crew_10420,Flt_16693,0
Crew_10420,Flt_17006,0
Crew_10420,Flt_17030,0
Crew_10420,Flt_18053,0
Crew_10420,Flt_18050,0
Crew_10420,Flt_19476,0
Crew_10421,Flt_16245,0
Crew_10421,Flt_18645,0
Crew_10421,Flt_18446,0
Crew_10422,Grd_4085_10000,0
Crew_10422,Grd_4085_10001,0
Crew_10422,Flt_20185,0
Crew_10422,Flt_20182,0
Crew_10422,Flt_20230,0
Crew_10422,Flt_20228,0
Crew_10423,Flt_15932,0
Crew_10423,Flt_15930,0
Crew_10423,Flt_16510,0
Crew_10423,Flt_16508,0
Crew_10423,Flt_16535,0
Crew_10423,Flt_16532,0
Crew_10423,Flt_16856,0
Crew_10424,Flt_15894,0
Crew_10424,Flt_16434,0
Crew_10424,Flt_16431,0
Crew_10424,Flt_17065,0
Crew_10424,Flt_17274,0
Crew_10424,Flt_17270,0
Crew_10424,Flt_18009,0
Crew_10424,Flt_18005,0
Crew_10424,Flt_18044,0
Crew_10425,Grd_1976_10000,0
Crew_10425,Flt_19866,0
Crew_10425,Flt_19855,0
Crew_10426,Flt_15465,0
Crew_10426,Flt_16582,0
Crew_10426,Flt_17341,0
Crew_10426,Flt_17312,0
Crew_10426,Flt_17986,0
Crew_10428,Flt_16338,0
Crew_10428,Flt_17860,0
Crew_10428,Flt_18601,0
Crew_10428,Flt_18491,0
Crew_10428,Flt_19189,0
Crew_10429,Flt_18546,0
Crew_10429,Flt_18542,0
Crew_10430,Grd_1581_10000,0
Crew_10430,Grd_1581_10001,0
Crew_10430,Grd_1581_10002,0
Crew_10431,Grd_3029_10000,0
Crew_10431,Grd_3029_10001,0
Crew_10431,Grd_3029_10002,0
Crew_10432,Grd_2017_10000,0
Crew_10433,Flt_15582,0
Crew_10433,Flt_16459,0
Crew_10433,Flt_16218,0
Crew_10433,Flt_16982,0
Crew_10433,Flt_17001,0
Crew_10433,Flt_17542,0
Crew_10433,Flt_17541,0
Crew_10434,Grd_3093_10000,0
Crew_10434,Grd_3093_10001,0
Crew_10434,Grd_3093_10002,0
Crew_10434,Flt_18536,0
Crew_10434,Flt_18497,0
Crew_10434,Flt_18334,0
Crew_10435,Flt_16123,0
Crew_10435,Flt_16121,0
Crew_10435,Flt_16876,0
Crew_10435,Flt_16875,0
Crew_10435,Flt_18140,0
Crew_10435,Flt_18131,0
Crew_10436,Flt_16429,0
Crew_10436,Flt_16425,0
Crew_10436,Flt_17191,0
Crew_10436,Flt_17553,0
Crew_10436,Flt_18298,0
Crew_10436,Flt_18303,0
Crew_10436,Flt_18302,0
Crew_10437,Flt_15469,0
Crew_10437,Flt_15468,0
Crew_10437,Flt_16399,0
Crew_10437,Flt_16393,0
Crew_10437,Flt_16984,0
Crew_10437,Flt_17654,0
Crew_10437,Flt_18441,0
Crew_10438,Grd_1559_10000,0
Crew_10439,Grd_1070_10000,0
Crew_10439,Grd_1070_10001,0
Crew_10440,Flt_16088,0
Crew_10440,Flt_15506,0
Crew_10440,Flt_16474,0
Crew_10440,Flt_16472,0
Crew_10440,Flt_17680,0
Crew_10440,Flt_17689,0
Crew_10440,Flt_18618,0
Crew_10441,Flt_16634,0
Crew_10441,Flt_16632,0
Crew_10441,Flt_17260,0
Crew_10441,Flt_17257,0
Crew_10441,Flt_17600,0
Crew_10441,Flt_18606,0
Crew_10441,Flt_18633,0
Crew_10442,Flt_16636,0
Crew_10442,Flt_16605,0
Crew_10442,Flt_17247,0
Crew_10442,Flt_18679,0
Crew_10442,Flt_18489,0
Crew_10443,Flt_15670,0
Crew_10443,Flt_15667,0
Crew_10443,Flt_16400,0
Crew_10443,Flt_16396,0
Crew_10443,Flt_17118,0
Crew_10443,Flt_17117,0
Crew_10443,Flt_17083,0
Crew_10443,Flt_18074,0
Crew_10443,Flt_18071,0
Crew_10444,Grd_1076_10000,0
Crew_10444,Flt_20054,0
Crew_10444,Flt_20060,0
Crew_10444,Flt_20033,0
Crew_10445,Flt_16496,0
Crew_10445,Flt_16492,0
Crew_10445,Flt_16865,0
Crew_10445,Flt_16862,0
Crew_10445,Flt_17955,0
Crew_10445,Flt_17951,0
Crew_10445,Flt_18065,0
Crew_10445,Flt_18969,0
Crew_10445,Flt_18968,0
Crew_10445,Flt_19020,0
Crew_10447,Flt_16968,0
Crew_10447,Flt_17468,0
Crew_10447,Flt_18213,0
Crew_10447,Flt_18894,0
Crew_10447,Flt_18892,0
Crew_10447,Flt_18885,0
Crew_10447,Flt_19298,0
Crew_10447,Flt_19279,0
Crew_10447,Flt_19278,0
Crew_10448,Flt_15687,0
Crew_10448,Flt_16306,0
Crew_10448,Flt_16305,0
Crew_10448,Flt_17124,0
Crew_10448,Flt_18007,0
Crew_10448,Flt_17594,0
Crew_10449,Flt_15650,0
Crew_10449,Flt_16177,0
Crew_10449,Flt_16176,0
Crew_10449,Flt_17111,0
Crew_10449,Flt_17109,0
Crew_10449,Flt_17803,0
Crew_10449,Flt_17809,0
Crew_10450,Grd_1265_10000,0
Crew_10450,Grd_1265_10001,0
Crew_10450,Flt_17995,0
Crew_10450,Flt_17990,0
Crew_10450,Flt_17761,0
Crew_10450,Flt_18523,0
Crew_10450,Flt_18604,0
Crew_10450,Flt_18600,0
Crew_10450,Flt_18596,0
Crew_10451,Flt_16651,0
Crew_10451,Flt_17335,0
Crew_10451,Flt_17245,0
Crew_10451,Flt_18995,0
Crew_10451,Flt_18993,0
Crew_10451,Flt_18992,0
Crew_10452,Grd_3092_10000,0
Crew_10452,Grd_3092_10001,0
Crew_10452,Flt_19170,0
Crew_10453,Grd_1088_10000,0
Crew_10454,Flt_15511,0
Crew_10454,Flt_16671,0
Crew_10454,Flt_17374,0
Crew_10454,Flt_17644,0
Crew_10455,Flt_15910,0
Crew_10455,Flt_16604,0
Crew_10455,Flt_16601,0
Crew_10455,Flt_16673,0
Crew_10455,Flt_16670,0
Crew_10455,Flt_17076,0
Crew_10455,Flt_17073,0
Crew_10455,Flt_18059,0
Crew_10455,Flt_18057,0
Crew_10456,Flt_16677,0
Crew_10456,Flt_17379,0
Crew_10456,Flt_17545,0
Crew_10456,Flt_18622,0
Crew_10456,Flt_18457,0
Crew_10456,Flt_18449,0
Crew_10458,Grd_1081_10000,0
Crew_10458,Grd_1081_10001,0
Crew_10459,Grd_3064_10000,0
Crew_10459,Flt_20163,0
Crew_10459,Flt_20160,0
Crew_10459,Flt_19844,0
Crew_10461,Flt_16597,0
Crew_10461,Flt_17333,0
Crew_10461,Flt_18052,0
Crew_10462,Flt_16171,0
Crew_10462,Flt_16170,0
Crew_10462,Flt_18263,0
Crew_10462,Flt_18549,0
Crew_10462,Flt_18548,0
Crew_10462,Flt_18544,0
Crew_10462,Flt_18540,0
Crew_10464,ddh_12636,1
Crew_10464,Flt_16657,0
Crew_10465,Flt_19413,0
Crew_10465,Flt_19409,0
Crew_10465,Flt_19353,0
Crew_10465,Flt_20017,0
Crew_10466,Flt_16098,0
Crew_10466,Flt_16097,0
Crew_10466,Flt_16371,0
Crew_10466,Flt_16801,0
Crew_10466,Flt_17004,0
Crew_10466,Flt_17014,0
Crew_10466,Flt_17744,0
Crew_10467,ddh_12646,1
Crew_10468,Grd_1566_10000,0
Crew_10469,Flt_16665,0
Crew_10469,Flt_16662,0
Crew_10469,Flt_17381,0
Crew_10469,Flt_17376,0
Crew_10469,Flt_17651,0
Crew_10469,Flt_18456,0
Crew_10469,Flt_18384,0
Crew_10469,Flt_18380,0
Crew_10470,Flt_16115,0
Crew_10470,Flt_16114,0
Crew_10470,Flt_16797,0
Crew_10470,Flt_17475,0
Crew_10470,Flt_19086,0
Crew_10470,Flt_19659,0
Crew_10471,Flt_16330,0
Crew_10471,Flt_16725,0
Crew_10471,Flt_18220,0
Crew_10471,Flt_18273,0
Crew_10471,Flt_18276,0
Crew_10471,Flt_18217,0
Crew_10471,Flt_18910,0
Crew_10471,Flt_18907,0
Crew_10472,Flt_16659,0
Crew_10472,Flt_16655,0
Crew_10472,Flt_17359,0
Crew_10472,Flt_17561,0
Crew_10472,Flt_17560,0
Crew_10472,Flt_18326,0
Crew_10472,Flt_18325,0
Crew_10473,Flt_16257,0
Crew_10473,Flt_17709,0
Crew_10473,Flt_18451,0
Crew_10474,Flt_16232,0
Crew_10474,Flt_17184,0
Crew_10474,Flt_17838,0
Crew_10474,Flt_18908,0
Crew_10474,Flt_18735,0
Crew_10475,Flt_17178,0
Crew_10475,Flt_17194,0
Crew_10475,Flt_17854,0
Crew_10475,Flt_17566,0
Crew_10475,Flt_18569,0
Crew_10475,Flt_19316,0
Crew_10475,Flt_19323,0
Crew_10475,Flt_19320,0
Crew_10476,Flt_17185,0
Crew_10476,Flt_18678,0
Crew_10476,Flt_18532,0
Crew_10476,Flt_19277,0
Crew_10477,Flt_15684,0
Crew_10477,Flt_15693,0
Crew_10477,Flt_16776,0
Crew_10477,Flt_16898,0
Crew_10477,Flt_16897,0
Crew_10477,Flt_16896,0
Crew_10478,Flt_16559,0
Crew_10478,Flt_16555,0
Crew_10478,Flt_17365,0
Crew_10478,Flt_18807,0
Crew_10478,Flt_18701,0
Crew_10480,Flt_16648,0
Crew_10480,Flt_17344,0
Crew_10480,Flt_17668,0
Crew_10480,Flt_18686,0
Crew_10480,Flt_18714,0
Crew_10480,Flt_18710,0
Crew_10481,Flt_17972,0
Crew_10481,Flt_18097,0
Crew_10481,Flt_18839,0
Crew_10481,Flt_18676,0
Crew_10481,Flt_18673,0
Crew_10481,Flt_19103,0
Crew_10481,Flt_19121,0
Crew_10481,Flt_19451,0
Crew_10481,Flt_19900,0
Crew_10482,Flt_16074,0
Crew_10482,Flt_16070,0
Crew_10482,Flt_16804,0
Crew_10482,Flt_17216,0
Crew_10483,Flt_16341,0
Crew_10483,Grd_1066_10000,0
Crew_10484,Grd_1263_10000,0
Crew_10484,Grd_1263_10001,0
Crew_10484,Grd_1263_10002,0
Crew_10484,Grd_1263_10003,0
Crew_10485,Grd_1059_10000,0
Crew_10486,Grd_2121_10000,0
Crew_10487,Flt_16364,0
Crew_10487,Flt_17710,0
Crew_10487,Flt_18586,0
Crew_10487,Flt_18583,0
Crew_10487,Flt_18610,0
Crew_10488,Flt_16120,0
Crew_10488,Flt_16902,0
Crew_10488,Flt_18191,0
Crew_10488,Flt_18190,0
Crew_10489,Flt_16658,0
Crew_10489,Flt_16654,0
Crew_10489,Flt_17377,0
Crew_10489,Flt_18063,0
Crew_10489,Flt_17919,0
Crew_10489,Flt_18996,0
Crew_10489,Flt_18961,0
Crew_10489,Flt_18959,0
Crew_10490,Flt_15856,0
Crew_10490,Flt_16691,0
Crew_10490,Flt_18088,0
Crew_10490,Flt_19393,0
Crew_10490,Flt_19388,0
Crew_10490,Flt_19883,0
Crew_10490,Flt_19879,0
Crew_10490,Flt_19905,0
Crew_10491,Flt_15686,0
Crew_10491,Flt_15683,0
Crew_10491,Flt_16370,0
Crew_10491,Flt_16948,0
Crew_10491,Flt_16944,0
Crew_10491,Flt_17881,0
Crew_10492,Flt_17161,0
Crew_10492,Flt_18024,0
Crew_10492,Flt_18345,0
Crew_10492,Flt_18362,0
Crew_10492,Flt_18716,0
Crew_10492,Flt_19180,0
Crew_10493,Grd_2683_10000,0
Crew_10493,Grd_2683_10001,0
Crew_10495,Grd_1548_10000,0
Crew_10495,Grd_1548_10001,0
Crew_10495,Grd_1548_10002,0
Crew_10495,Grd_1548_10004,0
Crew_10496,Flt_16237,0
Crew_10496,Flt_16214,0
Crew_10496,Flt_17394,0
Crew_10496,Flt_18841,0
Crew_10496,Flt_18419,0
Crew_10497,Flt_17861,0
Crew_10497,Flt_18328,0
Crew_10497,Flt_18866,0
Crew_10497,Flt_19379,0
Crew_10497,Flt_19332,0
Crew_10497,Flt_19328,0
Crew_10497,Flt_20036,0
Crew_10498,Flt_16758,0
Crew_10498,Flt_17694,0
Crew_10498,Flt_17982,0
Crew_10498,Flt_18960,0
Crew_10498,Flt_18955,0
Crew_10500,Flt_15820,0
Crew_10500,Flt_16200,0
Crew_10500,Flt_18091,0
Crew_10500,Flt_17660,0
Crew_10501,Flt_16207,0
Crew_10501,Flt_16206,0
Crew_10501,Flt_18070,0
Crew_10501,Flt_18291,0
Crew_10501,Flt_18290,0
Crew_10501,Flt_18684,0
Crew_10503,Flt_16325,0
Crew_10503,Flt_16320,0
Crew_10503,Flt_16920,0
Crew_10504,Flt_15834,0
Crew_10504,Flt_16546,0
Crew_10504,Flt_17441,0
Crew_10504,Flt_17438,0
Crew_10504,Flt_17702,0
Crew_10505,Flt_16748,0
Crew_10505,Flt_18154,0
Crew_10505,Flt_17741,0
Crew_10505,Flt_18803,0
Crew_10505,Flt_18794,0
Crew_10506,Flt_16234,0
Crew_10506,Flt_17201,0
Crew_10506,Flt_17722,0
Crew_10506,Flt_18473,0
Crew_10506,Flt_18632,0
Crew_10506,Flt_18628,0
Crew_10507,Flt_16561,0
Crew_10507,Flt_18250,0
Crew_10507,Flt_19016,0
Crew_10507,Flt_18858,0
Crew_10508,Flt_16656,0
Crew_10508,Flt_16900,0
Crew_10508,Flt_18939,0
Crew_10508,Flt_18938,0
Crew_10509,Flt_16708,0
Crew_10509,Flt_16722,0
Crew_10509,Flt_17895,0
Crew_10509,Flt_18653,0
Crew_10509,Flt_18609,0
Crew_10510,Grd_1937_10005,0
Crew_10510,Flt_19997,0
Crew_10510,Flt_19995,0
Crew_10510,Flt_19991,0
Crew_10511,Grd_1972_10000,0
Crew_10511,Grd_1972_10001,0
Crew_10511,Grd_1972_10002,0
Crew_10511,Flt_19123,0
Crew_10511,Flt_19147,0
Crew_10511,Flt_19138,0
Crew_10512,Grd_2465_10000,0
Crew_10512,Grd_2465_10001,0
Crew_10513,Flt_15578,0
Crew_10515,Flt_16705,0
Crew_10515,Flt_18101,0
Crew_10515,Flt_17958,0
Crew_10516,Flt_15557,0
Crew_10516,Grd_2530_10000,0
Crew_10516,Grd_2530_10001,0
Crew_10517,Flt_17896,0
Crew_10517,Flt_17892,0
Crew_10517,Flt_18985,0
Crew_10517,Flt_18982,0
Crew_10517,Flt_19296,0
Crew_10517,Flt_19288,0
Crew_10517,Flt_19359,0
Crew_10517,Flt_20104,0
Crew_10517,Flt_20086,0
Crew_10517,Flt_20095,0
Crew_10518,Flt_15720,0
Crew_10518,Flt_15727,0
Crew_10518,Flt_16567,0
Crew_10518,Flt_17271,0
Crew_10518,Flt_18175,0
Crew_10519,Flt_16614,0
Crew_10519,Flt_16892,0
Crew_10519,Flt_16891,0
Crew_10519,Flt_18202,0
Crew_10519,Flt_19000,0
Crew_10519,Flt_18990,0
Crew_10520,Flt_15705,0
Crew_10520,Flt_15730,0
Crew_10520,Flt_17162,0
Crew_10520,Flt_17373,0
Crew_10520,Flt_17930,0
Crew_10521,Flt_16598,0
Crew_10521,Flt_16621,0
Crew_10521,Flt_17339,0
Crew_10521,Flt_18977,0
Crew_10521,Flt_18976,0
Crew_10522,Grd_4112_10000,0
Crew_10522,Grd_4112_10001,0
Crew_10522,Grd_4112_10002,0
Crew_10522,Grd_4112_10003,0
Crew_10523,Flt_15573,0
Crew_10524,Flt_16375,0
Crew_10524,Flt_17326,0
Crew_10524,Flt_17912,0
Crew_10524,Flt_18323,0
Crew_10524,Flt_18582,0
Crew_10526,Flt_17345,0
Crew_10526,Flt_17342,0
Crew_10526,Flt_18023,0
Crew_10526,Flt_18022,0
Crew_10526,Flt_18713,0
Crew_10526,Flt_18709,0
Crew_10526,Flt_18669,0
Crew_10526,Flt_19093,0
Crew_10526,Flt_19383,0
Crew_10526,Flt_19381,0
Crew_10527,Flt_16698,0
Crew_10527,Flt_16695,0
Crew_10527,Flt_17071,0
Crew_10527,Flt_17089,0
Crew_10527,Flt_17323,0
Crew_10528,Flt_18681,0
Crew_10528,Flt_18672,0
Crew_10528,Flt_18760,0
Crew_10528,Flt_19751,0
Crew_10528,Flt_19750,0
Crew_10528,Flt_19744,0
Crew_10528,Flt_19942,0
Crew_10528,Flt_19916,0
Crew_10528,Flt_19913,0
Crew_10529,Flt_16966,0
Crew_10529,Flt_18388,0
Crew_10529,Flt_19377,0
Crew_10529,Flt_19371,0
Crew_10529,Flt_19206,0
Crew_10530,Flt_16757,0
Crew_10530,Flt_18176,0
Crew_10530,Flt_18415,0
Crew_10531,Flt_17362,0
Crew_10531,Flt_18019,0
Crew_10531,Flt_17780,0
Crew_10531,Flt_18994,0
Crew_10531,Flt_18998,0
Crew_10531,Flt_18738,0
Crew_10531,Flt_19528,0
Crew_10531,Flt_19500,0
Crew_10532,Flt_16169,0
Crew_10532,Flt_16168,0
Crew_10532,Flt_18029,0
Crew_10532,Flt_18495,0
Crew_10532,Flt_18524,0
Crew_10532,Flt_18511,0
Crew_10533,Flt_17261,0
Crew_10533,Flt_18897,0
Crew_10533,Flt_18744,0
Crew_10533,Flt_19184,0
Crew_10533,Flt_19210,0
Crew_10533,Flt_19260,0
Crew_10534,Flt_16951,0
Crew_10534,Flt_18627,0
Crew_10534,Flt_18578,0
Crew_10534,Flt_18574,0
Crew_10535,Grd_1071_10000,0
Crew_10535,Grd_1071_10001,0
Crew_10535,Flt_19284,0
Crew_10535,Flt_19248,0
Crew_10535,Flt_19096,0
Crew_10535,Flt_19806,0
Crew_10536,Flt_18430,0
Crew_10536,Flt_18460,0
Crew_10536,Flt_18589,0
Crew_10536,Flt_18585,0
Crew_10536,Flt_19336,0
Crew_10536,Flt_19333,0
Crew_10536,Flt_19369,0
Crew_10537,Flt_16193,0
Crew_10537,Flt_16192,0
Crew_10537,Flt_17407,0
Crew_10537,Flt_18854,0
Crew_10537,Flt_18727,0
Crew_10537,Flt_18723,0
Crew_10537,Flt_19846,0
Crew_10539,Grd_1547_10000,0
Crew_10539,ddh_14406,1
Crew_10540,Flt_17891,0
Crew_10540,Flt_18370,0
Crew_10540,Flt_19443,0
Crew_10540,Flt_19438,0
Crew_10540,Flt_19136,0
Crew_10540,Flt_20080,0
Crew_10540,Flt_20074,0
Crew_10540,Flt_20092,0
Crew_10541,Flt_15470,0
Crew_10541,Flt_16360,0
Crew_10541,Flt_17371,0
Crew_10541,Flt_17370,0
Crew_10541,Flt_17945,0
Crew_10541,Flt_17941,0
Crew_10542,Flt_16118,0
Crew_10542,Flt_17511,0
Crew_10542,Flt_17466,0
Crew_10542,Flt_17577,0
Crew_10543,Flt_15765,0
Crew_10543,Flt_15790,0
Crew_10543,Flt_16487,0
Crew_10543,Flt_16507,0
Crew_10543,Flt_17204,0
Crew_10543,Flt_17227,0
Crew_10543,Flt_17897,0
Crew_10543,Flt_17894,0
Crew_10543,Flt_20038,0
Crew_10543,Flt_20035,0
Crew_10544,Flt_16964,0
Crew_10544,Flt_17604,0
Crew_10544,Flt_18520,0
Crew_10544,Flt_18507,0
Crew_10544,Flt_18336,0
Crew_10544,Flt_19627,0
Crew_10544,Flt_19624,0
Crew_10545,Flt_16271,0
Crew_10545,Flt_17383,0
Crew_10545,Flt_18828,0
Crew_10545,Flt_19984,0
Crew_10546,Flt_15986,0
Crew_10546,Flt_17956,0
Crew_10546,Flt_19243,0
Crew_10546,Flt_19269,0
Crew_10546,Flt_19607,0
Crew_10548,Flt_16821,0
Crew_10549,Grd_1316_10000,0
Crew_10550,Flt_16349,0
Crew_10550,Flt_16352,0
Crew_10550,Flt_17064,0
Crew_10550,Flt_17066,0
Crew_10550,Flt_17757,0
Crew_10550,Flt_17753,0
Crew_10550,Flt_18750,0
Crew_10550,Flt_18746,0
Crew_10550,Flt_18720,0
Crew_10551,Flt_16069,0
Crew_10551,Flt_17498,0
Crew_10553,Flt_15841,0
Crew_10553,Flt_17913,0
Crew_10553,Flt_18668,0
Crew_10553,Flt_18789,0
Crew_10554,Grd_1271_10000,0
Crew_10554,Flt_18755,0
Crew_10554,Flt_18751,0
Crew_10554,Flt_18294,0
Crew_10554,Flt_19054,0
Crew_10554,Flt_20202,0
Crew_10555,Flt_17927,0
Crew_10555,Flt_18311,0
Crew_10556,Grd_1646_10000,0
Crew_10557,Grd_1526_10000,0
Crew_10557,Grd_1526_10001,0
Crew_10557,Grd_1526_10002,0
Crew_10557,Flt_18708,0
Crew_10557,Flt_18705,0
Crew_10557,Flt_18289,0
Crew_10558,Flt_16825,0
Crew_10558,Flt_17529,0
Crew_10558,Flt_18465,0
Crew_10558,Flt_18478,0
Crew_10558,Flt_18481,0
Crew_10559,Flt_17775,0
Crew_10559,Flt_18895,0
Crew_10559,Flt_19087,0
Crew_10559,Flt_20056,0
Crew_10559,Flt_20070,0
Crew_10559,Flt_20066,0
Crew_10560,Flt_16913,0
Crew_10560,Flt_16912,0
Crew_10560,Flt_17760,0
Crew_10560,Flt_18860,0
Crew_10560,Flt_18890,0
Crew_10560,Flt_18883,0
Crew_10560,Flt_19358,0
Crew_10560,Flt_19397,0
Crew_10560,Flt_19394,0
Crew_10561,Flt_18046,0
Crew_10561,Flt_18980,0
Crew_10561,Flt_18975,0
Crew_10561,Flt_19145,0
Crew_10561,Flt_19198,0
Crew_10561,Flt_20134,0
Crew_10561,Flt_20010,0
Crew_10563,Grd_2292_10005,0
Crew_10563,Grd_2292_10006,0
Crew_10564,Flt_16047,0
Crew_10564,Flt_16046,0
Crew_10564,Flt_17451,0
Crew_10566,Grd_1549_10000,0
Crew_10566,Flt_19903,0
Crew_10566,Flt_19929,0
Crew_10567,Flt_18392,0
Crew_10567,Flt_19124,0
Crew_10567,Flt_19556,0
Crew_10569,Flt_17642,0
Crew_10569,Flt_18365,0
Crew_10569,Flt_18288,0
Crew_10569,Flt_18287,0
Crew_10569,Flt_19365,0
Crew_10569,Flt_19203,0
Crew_10569,Flt_19199,0
Crew_10569,Flt_20051,0
Crew_10569,Flt_20072,0
Crew_10569,Flt_19914,0
Crew_10570,Flt_16623,0
Crew_10570,Flt_18748,0
Crew_10570,Flt_18745,0
Crew_10570,Flt_18458,0
Crew_10570,Flt_19064,0
Crew_10570,Flt_19063,0
Crew_10571,Flt_16006,0
Crew_10571,Flt_16723,0
Crew_10571,Flt_16736,0
Crew_10571,Flt_17738,0
Crew_10571,Grd_1274_10000,0
Crew_10572,Grd_1275_10000,0
Crew_10572,Grd_1275_10001,0
Crew_10572,Flt_17402,0
Crew_10572,Flt_17399,0
Crew_10572,Flt_17961,0
Crew_10573,Flt_18030,0
Crew_10573,Flt_18028,0
Crew_10573,Flt_18732,0
Crew_10573,Flt_18742,0
Crew_10573,Flt_18432,0
Crew_10573,Flt_19225,0
Crew_10573,Flt_19150,0
Crew_10573,Flt_19122,0
Crew_10573,Flt_20099,0
Crew_10573,Flt_20103,0
Crew_10573,Flt_20147,0
Crew_10574,Grd_1537_10000,0
Crew_10574,Grd_1537_10001,0
Crew_10574,Flt_18004,0
Crew_10574,Flt_18002,0
Crew_10574,Flt_18775,0
Crew_10574,Flt_18771,0
Crew_10574,Flt_18827,0
Crew_10574,Flt_18825,0
Crew_10574,Flt_20214,0
Crew_10575,Flt_18369,0
Crew_10575,Flt_19678,0
Crew_10575,Flt_19687,0
Crew_10575,Flt_19644,0
Crew_10575,Flt_19999,0
Crew_10575,Flt_19890,0
Crew_10576,Flt_17880,0
Crew_10576,Flt_18663,0
Crew_10576,Flt_19411,0
Crew_10576,Flt_19217,0
Crew_10576,Flt_20115,0
Crew_10577,Grd_1480_10000,0
Crew_10577,Grd_1480_10001,0
Crew_10577,Grd_1480_10002,0
Crew_10577,Flt_18017,0
Crew_10577,Flt_18013,0
Crew_10577,Flt_19053,0
Crew_10577,Flt_19784,0
Crew_10578,Flt_17443,0
Crew_10578,Flt_18149,0
Crew_10578,Flt_18537,0
Crew_10578,Flt_18416,0
Crew_10578,Flt_19166,0
Crew_10578,Flt_19152,0
Crew_10579,Flt_15602,0
Crew_10579,Flt_18066,0
Crew_10580,Flt_18047,0
Crew_10580,Flt_18778,0
Crew_10580,Flt_18844,0
Crew_10580,Flt_20245,0
Crew_10580,Flt_20145,0
Crew_10580,Flt_20144,0
Crew_10582,Grd_2126_10000,0
Crew_10582,Grd_2126_10001,0
Crew_10582,ddh_14174,1
Crew_10583,Flt_16150,0
Crew_10583,Flt_16857,0
Crew_10583,Flt_18073,0
Crew_10584,Flt_17453,0
Crew_10584,Flt_17801,0
Crew_10584,Flt_18322,0
Crew_10584,Flt_18321,0
Crew_10584,Flt_18320,0
Crew_10584,Flt_19450,0
Crew_10584,Flt_19412,0
Crew_10584,Flt_19410,0
Crew_10584,Flt_19408,0
Crew_10585,Grd_1451_10000,0
Crew_10586,Grd_1522_10000,0
Crew_10586,Grd_1522_10001,0
Crew_10586,Grd_1522_10002,0
Crew_10586,Flt_20272,0
Crew_10586,Flt_20270,0
Crew_10586,Flt_20046,0
Crew_10588,Flt_18087,0
Crew_10588,Flt_19604,0
Crew_10588,Flt_19050,0
Crew_10588,Flt_19043,0
Crew_10588,Flt_20191,0
Crew_10588,Flt_20190,0
Crew_10590,Flt_16050,0
Crew_10590,Flt_17337,0
Crew_10590,Flt_17994,0
Crew_10590,Flt_17993,0
Crew_10592,Flt_16799,0
Crew_10592,Flt_18611,0
Crew_10592,Flt_18635,0
Crew_10592,Flt_19094,0
Crew_10592,Flt_19688,0
Crew_10593,Flt_18472,0
Crew_10593,Flt_18468,0
Crew_10593,Flt_18401,0
Crew_10593,Flt_19159,0
Crew_10593,Flt_19183,0
Crew_10593,Flt_19211,0
Crew_10593,Flt_19771,0
Crew_10593,Flt_19772,0
Crew_10594,Flt_19720,0
Crew_10594,Flt_19721,0
Crew_10594,Flt_20204,0
Crew_10594,Flt_19780,0
Crew_10595,Flt_18413,0
Crew_10595,Flt_18410,0
Crew_10595,Flt_18463,0
Crew_10595,Flt_19349,0
Crew_10595,Flt_19330,0
Crew_10595,Flt_19469,0
Crew_10595,Flt_20126,0
Crew_10595,Flt_20123,0
Crew_10595,Flt_19782,0
Crew_10597,Flt_16183,0
Crew_10597,Flt_16888,0
Crew_10597,Flt_17125,0
Crew_10597,Flt_18459,0
Crew_10597,Flt_18455,0
Crew_10597,Flt_18570,0
Crew_10597,Flt_18566,0
Crew_10598,Flt_18051,0
Crew_10598,Flt_18048,0
Crew_10598,Flt_18821,0
Crew_10598,Flt_18815,0
Crew_10598,Flt_18813,0
Crew_10598,Flt_18809,0
Crew_10598,Flt_19266,0
Crew_10598,Flt_19461,0
Crew_10598,Flt_20100,0
Crew_10598,Flt_20097,0
Crew_10598,Flt_19853,0
Crew_10599,Flt_18152,0
Crew_10599,Flt_18349,0
Crew_10599,Flt_18425,0
Crew_10599,Flt_19428,0
Crew_10599,Flt_19562,0
Crew_10599,Flt_19559,0
Crew_10599,Flt_19988,0
Crew_10599,Flt_20011,0
Crew_10600,Grd_4128_10000,0
Crew_10600,Grd_4128_10001,0
Crew_10600,Flt_18494,0
Crew_10600,Flt_19028,0
Crew_10600,Flt_19059,0
Crew_10600,Flt_19062,0
Crew_10601,Grd_1504_10000,0
Crew_10601,Flt_16389,0
Crew_10601,Flt_16506,0
Crew_10602,Flt_18429,0
Crew_10602,Flt_18396,0
Crew_10602,Flt_19221,0
Crew_10602,Flt_19742,0
Crew_10602,Flt_20367,0
Crew_10603,Grd_1886_10005,0
Crew_10603,Grd_1886_10006,0
Crew_10604,Flt_18157,0
Crew_10604,Flt_18436,0
Crew_10604,Flt_18855,0
Crew_10604,Flt_19603,0
Crew_10604,Flt_19994,0
Crew_10605,Grd_4127_10000,0
Crew_10605,Grd_4127_10001,0
Crew_10606,Flt_16803,0
Crew_10606,Flt_17531,0
Crew_10606,Flt_17532,0
Crew_10606,Flt_17081,0
Crew_10606,Flt_18619,0
Crew_10606,Flt_18395,0
Crew_10606,Flt_18383,0
Crew_10608,Flt_18749,0
Crew_10608,Flt_18917,0
Crew_10608,Flt_18902,0
Crew_10608,Flt_19425,0
Crew_10608,Flt_19418,0
Crew_10608,Flt_20096,0
Crew_10609,Grd_1888_10000,0
Crew_10609,Flt_19795,0
Crew_10609,Flt_19794,0
Crew_10610,ddh_12757,1
Crew_10611,Flt_18165,0
Crew_10611,Flt_18956,0
Crew_10611,Flt_19527,0
Crew_10611,Flt_19859,0
Crew_10611,Flt_20329,0
Crew_10612,Flt_18480,0
Crew_10612,Flt_18476,0
Crew_10612,Flt_19554,0
Crew_10612,Flt_19580,0
Crew_10612,Flt_20224,0
Crew_10612,Flt_20218,0
Crew_10612,Flt_19993,0
Crew_10613,Flt_15749,0
Crew_10614,Flt_16781,0
Crew_10614,Flt_17136,0
Crew_10614,Flt_18168,0
Crew_10614,Flt_18590,0
Crew_10614,Flt_18621,0
Crew_10615,Flt_19031,0
Crew_10615,Flt_19352,0
Crew_10615,Flt_19239,0
Crew_10615,Flt_19816,0
Crew_10615,Flt_19836,0
Crew_10615,Flt_19873,0
Crew_10616,Flt_16028,0
Crew_10616,Flt_18021,0
Crew_10617,Grd_3111_10000,0
Crew_10617,Grd_3111_10001,0
Crew_10617,Grd_3111_10002,0
Crew_10618,Flt_16275,0
Crew_10618,Flt_18351,0
Crew_10618,Flt_18687,0
Crew_10618,Flt_19290,0
Crew_10618,Flt_19315,0
Crew_10618,Flt_19952,0
Crew_10619,Grd_1493_10000,0
Crew_10619,Flt_17767,0
Crew_10619,Flt_18274,0
Crew_10619,Flt_18275,0
Crew_10619,Flt_18525,0
Crew_10619,Flt_18512,0
Crew_10619,Flt_18505,0
Crew_10619,Flt_19540,0
Crew_10620,Grd_1507_10005,0
Crew_10620,ddh_14404,1
Crew_10622,Grd_1255_10000,0
Crew_10622,Flt_18393,0
Crew_10622,Flt_18317,0
Crew_10623,ddh_12718,1
Crew_10624,Flt_18409,0
Crew_10624,Flt_18405,0
Crew_10624,Flt_18434,0
Crew_10624,Flt_19482,0
Crew_10624,Flt_19477,0
Crew_10624,Flt_19475,0
Crew_10624,Flt_20113,0
Crew_10624,Flt_20107,0
Crew_10626,Flt_18670,0
Crew_10626,Flt_18675,0
Crew_10626,Flt_18695,0
Crew_10626,Flt_19460,0
Crew_10626,Flt_20082,0
Crew_10626,Flt_20079,0
Crew_10626,Flt_20135,0
Crew_10627,Flt_16633,0
Crew_10627,Flt_18689,0
Crew_10627,Flt_18683,0
Crew_10627,Flt_18737,0
Crew_10629,Flt_18966,0
Crew_10629,Flt_18962,0
Crew_10629,Flt_19699,0
Crew_10629,Flt_19677,0
Crew_10629,Flt_20313,0
Crew_10630,Flt_16826,0
Crew_10630,Flt_16824,0
Crew_10630,Flt_16858,0
Crew_10630,Flt_18284,0
Crew_10630,Flt_18443,0
Crew_10630,Flt_18440,0
Crew_10631,Flt_19363,0
Crew_10631,Flt_19372,0
Crew_10631,Flt_19404,0
Crew_10631,Flt_20188,0
Crew_10631,Flt_20248,0
Crew_10632,Flt_16366,0
Crew_10632,Flt_16363,0
Crew_10632,Flt_17321,0
Crew_10632,Flt_17315,0
Crew_10632,Flt_17746,0
Crew_10632,Flt_17691,0
Crew_10632,Flt_18781,0
Crew_10632,Flt_18780,0
Crew_10632,Flt_20222,0
Crew_10632,Flt_20220,0
Crew_10633,Flt_18671,0
Crew_10633,Flt_18366,0
Crew_10633,Flt_19431,0
Crew_10633,Flt_19423,0
Crew_10633,Flt_19237,0
Crew_10633,Flt_20307,0
Crew_10634,Flt_19295,0
Crew_10634,Flt_19292,0
Crew_10634,Flt_19864,0
Crew_10634,Flt_19860,0
Crew_10635,Grd_2186_10001,0
Crew_10635,Grd_2186_10002,0
Crew_10635,Grd_2186_10003,0
Crew_10635,Flt_18703,0
Crew_10635,Flt_18700,0
Crew_10635,Flt_18464,0
Crew_10636,Flt_18526,0
Crew_10636,Flt_18550,0
Crew_10636,Flt_19191,0
Crew_10636,Flt_19185,0
Crew_10636,Flt_19294,0
Crew_10637,Flt_16834,0
Crew_10637,Flt_16894,0
Crew_10637,Flt_18571,0
Crew_10637,Flt_18314,0
Crew_10638,Flt_17100,0
Crew_10638,Flt_18194,0
Crew_10638,Flt_18568,0
Crew_10638,Flt_18567,0
Crew_10638,Flt_19662,0
Crew_10638,Flt_19661,0
Crew_10638,Flt_19083,0
Crew_10639,Flt_18655,0
Crew_10639,Flt_18529,0
Crew_10639,Flt_19280,0
Crew_10639,Flt_19275,0
Crew_10639,Flt_19274,0
Crew_10639,Flt_19797,0
Crew_10639,Flt_19796,0
Crew_10639,Flt_19921,0
Crew_10640,Flt_18685,0
Crew_10640,Flt_18592,0
Crew_10640,Flt_19337,0
Crew_10640,Flt_19157,0
Crew_10640,Flt_20131,0
Crew_10640,Flt_20127,0
Crew_10641,Grd_1258_10000,0
Crew_10641,Flt_18729,0
Crew_10641,Flt_18747,0
Crew_10641,Flt_18743,0
Crew_10641,Flt_18741,0
Crew_10641,Flt_19273,0
Crew_10641,Flt_19272,0
Crew_10641,Flt_20207,0
Crew_10642,Flt_17126,0
Crew_10642,Flt_17135,0
Crew_10642,Flt_17591,0
Crew_10642,Flt_18554,0
Crew_10642,Flt_18337,0
Crew_10642,Flt_19303,0
Crew_10642,Flt_19264,0
Crew_10643,Flt_16596,0
Crew_10643,Flt_17332,0
Crew_10643,Flt_18098,0
Crew_10643,Flt_18094,0
Crew_10643,Flt_18506,0
Crew_10643,Flt_18773,0
Crew_10643,Flt_18730,0
Crew_10645,Flt_18556,0
Crew_10645,Flt_18555,0
Crew_10645,Flt_19071,0
Crew_10645,Flt_19070,0
Crew_10645,Flt_19069,0
Crew_10646,Flt_18711,0
Crew_10646,Flt_18707,0
Crew_10646,Flt_19458,0
Crew_10646,Flt_19454,0
Crew_10646,Flt_19467,0
Crew_10646,Flt_19463,0
Crew_10646,Flt_20138,0
Crew_10646,Flt_20136,0
Crew_10646,Flt_20216,0
Crew_10647,Flt_17084,0
Crew_10647,Flt_17428,0
Crew_10647,Flt_17866,0
Crew_10647,Flt_18486,0
Crew_10647,Flt_18598,0
Crew_10647,Flt_19067,0
Crew_10647,Flt_19077,0
Crew_10648,Grd_1532_10000,0
Crew_10648,Grd_1532_10001,0
Crew_10648,Grd_1532_10002,0
Crew_10648,Flt_19861,0
Crew_10648,Flt_19851,0
Crew_10648,Flt_19830,0
Crew_10649,Flt_17145,0
Crew_10649,Flt_17170,0
Crew_10649,Flt_17766,0
Crew_10649,Flt_18479,0
Crew_10649,Flt_19025,0
Crew_10649,Flt_19024,0
Crew_10649,Flt_19216,0
Crew_10649,Flt_19155,0
Crew_10650,Flt_18593,0
Crew_10650,Flt_18591,0
Crew_10650,Flt_19182,0
Crew_10650,Flt_19209,0
Crew_10650,Flt_19386,0
Crew_10650,Flt_20111,0
Crew_10650,Flt_20152,0
Crew_10650,Flt_20151,0
Crew_10651,Flt_18113,0
Crew_10652,Flt_17463,0
Crew_10652,Flt_18233,0
Crew_10652,Flt_18594,0
Crew_10652,Flt_18330,0
Crew_10652,Flt_19424,0
Crew_10652,Flt_19537,0
Crew_10653,Grd_2123_10000,0
Crew_10654,Flt_19487,0
Crew_10654,Flt_19483,0
Crew_10654,Flt_20119,0
Crew_10654,Flt_20117,0
Crew_10654,Flt_19891,0
Crew_10656,Flt_18717,0
Crew_10656,Flt_18715,0
Crew_10656,Flt_18408,0
Crew_10656,Flt_19207,0
Crew_10656,Flt_19140,0
Crew_10656,Flt_19137,0
Crew_10656,Flt_19947,0
Crew_10657,Grd_1421_10000,0
Crew_10657,Flt_19974,0
Crew_10657,Flt_19970,0
Crew_10657,Flt_19976,0
Crew_10658,Flt_18390,0
Crew_10658,Flt_19698,0
Crew_10658,Flt_20336,0
Crew_10659,Flt_15701,0
Crew_10659,Flt_15696,0
Crew_10659,Flt_16914,0
Crew_10659,Flt_17701,0
Crew_10660,Flt_18651,0
Crew_10660,Flt_19396,0
Crew_10660,Flt_19614,0
Crew_10660,Flt_20247,0
Crew_10661,Flt_18788,0
Crew_10661,Flt_18786,0
Crew_10661,Flt_19503,0
Crew_10661,Flt_19501,0
Crew_10661,Flt_19530,0
Crew_10661,Flt_20192,0
Crew_10663,Flt_16611,0
Crew_10663,Flt_16607,0
Crew_10663,Flt_17330,0
Crew_10663,Flt_17325,0
Crew_10663,Flt_18762,0
Crew_10663,Flt_18759,0
Crew_10663,Flt_18706,0
Crew_10663,Flt_18704,0
Crew_10663,Flt_20076,0
Crew_10664,Flt_17304,0
Crew_10664,Flt_17770,0
Crew_10664,Flt_18519,0
Crew_10664,Flt_18984,0
Crew_10664,Flt_19242,0
Crew_10664,Flt_19268,0
Crew_10664,Flt_19355,0
Crew_10665,Grd_2263_10000,0
Crew_10665,Grd_2263_10001,0
Crew_10665,Flt_20298,0
Crew_10665,Flt_20295,0
Crew_10666,Flt_18696,0
Crew_10666,Flt_18444,0
Crew_10666,Flt_19127,0
Crew_10666,Flt_20318,0
Crew_10667,Flt_18790,0
Crew_10667,Flt_18761,0
Crew_10667,Flt_19453,0
Crew_10668,Flt_18485,0
Crew_10668,Flt_18483,0
Crew_10668,Flt_18400,0
Crew_10668,Flt_19158,0
Crew_10668,Flt_19871,0
Crew_10668,Flt_19878,0
Crew_10669,Flt_16906,0
Crew_10669,Flt_18731,0
Crew_10669,Flt_18694,0
Crew_10669,Flt_18718,0
Crew_10669,Flt_19474,0
Crew_10669,Flt_19480,0
Crew_10669,Flt_19478,0
Crew_10669,Flt_19326,0
Crew_10670,Grd_2261_10000,0
Crew_10670,Flt_20316,0
Crew_10670,Flt_20315,0
Crew_10671,Grd_1854_10005,0
Crew_10671,Flt_20334,0
Crew_10671,Flt_20331,0
Crew_10672,Flt_18805,0
Crew_10672,Flt_18796,0
Crew_10672,Flt_19543,0
Crew_10672,Flt_19538,0
Crew_10672,Flt_19536,0
Crew_10672,Flt_20252,0
Crew_10673,Grd_2278_10000,0
Crew_10674,Flt_16139,0
Crew_10674,Flt_16138,0
Crew_10674,Flt_16449,0
Crew_10674,Flt_17784,0
Crew_10675,Flt_20013,0
Crew_10676,Flt_18665,0
Crew_10676,Flt_19169,0
Crew_10676,Flt_20234,0
Crew_10676,Flt_20232,0
Crew_10676,Flt_20206,0
Crew_10677,Flt_18772,0
Crew_10677,Flt_18770,0
Crew_10677,Flt_18477,0
Crew_10677,Flt_18878,0
Crew_10677,Flt_19034,0
Crew_10677,Flt_19033,0
Crew_10677,Flt_20314,0
Crew_10677,Flt_20312,0
Crew_10677,Flt_20311,0
Crew_10677,Flt_20325,0
Crew_10679,Grd_1834_10000,0
Crew_10679,Grd_1834_10001,0
Crew_10680,Grd_2052_10000,0
Crew_10680,Flt_17306,0
Crew_10680,Flt_17303,0
Crew_10680,Flt_18752,0
Crew_10680,Flt_18978,0
Crew_10680,Flt_19686,0
Crew_10680,Flt_19684,0
Crew_10680,Flt_19681,0
Crew_10680,Flt_19680,0
Crew_10680,Flt_20305,0
Crew_10680,Flt_20303,0
Crew_10681,Flt_18824,0
Crew_10681,Flt_19568,0
Crew_10681,Flt_20208,0
Crew_10682,Flt_18830,0
Crew_10682,Flt_19574,0
Crew_10682,Flt_20227,0
Crew_10683,Flt_17489,0
Crew_10683,Flt_17488,0
Crew_10683,Flt_18608,0
Crew_10683,Flt_18882,0
Crew_10683,Flt_19700,0
Crew_10683,Flt_19697,0
Crew_10683,Flt_19692,0
Crew_10684,Flt_17575,0
Crew_10684,Flt_17574,0
Crew_10684,Flt_18725,0
Crew_10684,Flt_18724,0
Crew_10684,Flt_19600,0
Crew_10684,Flt_19813,0
Crew_10684,Flt_20137,0
Crew_10685,Flt_18647,0
Crew_10685,Flt_18643,0
Crew_10685,Flt_18626,0
Crew_10685,Flt_18623,0
Crew_10685,Flt_19361,0
Crew_10685,Flt_19357,0
Crew_10685,Flt_20083,0
Crew_10686,Flt_17517,0
Crew_10686,Flt_18721,0
Crew_10686,Flt_18447,0
Crew_10686,Flt_19713,0
Crew_10686,Flt_19707,0
Crew_10686,Flt_19705,0
Crew_10687,Flt_18198,0
Crew_10687,Flt_18331,0
Crew_10687,Flt_18634,0
Crew_10687,Flt_18630,0
Crew_10687,Flt_19345,0
Crew_10687,Flt_19340,0
Crew_10687,Flt_19849,0
Crew_10689,Flt_15423,0
Crew_10690,Flt_18690,0
Crew_10690,Flt_18357,0
Crew_10690,Flt_20233,0
Crew_10693,Grd_1490_10000,0
Crew_10693,Grd_1490_10001,0
Crew_10693,Grd_1490_10002,0
Crew_10693,Flt_19222,0
Crew_10693,Flt_19218,0
Crew_10693,Flt_19439,0
Crew_10694,ddh_12720,1
Crew_10695,Flt_18648,0
Crew_10695,Flt_18646,0
Crew_10695,Flt_18810,0
Crew_10695,Flt_19724,0
Crew_10695,Flt_19723,0
Crew_10695,Flt_19722,0
Crew_10695,Flt_19803,0
Crew_10695,Flt_20278,0
Crew_10695,Flt_20275,0
Crew_10696,Grd_2045_10000,0
Crew_10696,Grd_2045_10001,0
Crew_10696,Grd_2045_10002,0
Crew_10696,Grd_2045_10003,0
Crew_10696,Flt_19154,0
Crew_10698,Flt_18797,0
Crew_10699,Flt_16688,0
Crew_10699,Flt_18850,0
Crew_10699,Flt_19102,0
Crew_10699,Flt_19521,0
Crew_10701,Flt_16653,0
Crew_10701,Flt_18852,0
Crew_10701,Flt_18848,0
Crew_10701,Flt_18826,0
Crew_10701,Flt_19344,0
Crew_10701,Flt_19304,0
Crew_10701,Flt_19302,0
Crew_10702,Flt_18174,0
Crew_10702,Flt_18200,0
Crew_10702,Flt_18914,0
Crew_10702,Flt_18913,0
Crew_10702,Flt_18911,0
Crew_10702,Flt_19196,0
Crew_10702,Flt_19098,0
Crew_10702,Flt_19097,0
Crew_10702,Flt_20170,0
Crew_10702,Flt_20166,0
Crew_10702,Flt_20229,0
Crew_10703,Flt_17522,0
Crew_10703,Flt_18595,0
Crew_10703,Flt_18588,0
Crew_10703,Flt_18553,0
Crew_10703,Flt_18552,0
Crew_10703,Flt_19299,0
Crew_10703,Flt_19324,0
Crew_10704,ddh_13152,1
Crew_10705,Grd_1835_10000,0
Crew_10705,Flt_19902,0
Crew_10705,Flt_19926,0
Crew_10706,Flt_18988,0
Crew_10706,Flt_18579,0
Crew_10706,Flt_18728,0
Crew_10706,Flt_19488,0
Crew_10706,Flt_19484,0
Crew_10706,Flt_19040,0
Crew_10706,Flt_20271,0
Crew_10706,Flt_20268,0
Crew_10706,Flt_20265,0
Crew_10707,Grd_3131_10005,0
Crew_10707,Flt_20053,0
Crew_10708,Flt_16873,0
Crew_10708,Flt_17619,0
Crew_10708,Flt_18740,0
Crew_10708,Flt_18575,0
Crew_10708,Flt_18469,0
Crew_10708,Flt_19746,0
Crew_10708,Flt_19088,0
Crew_10709,Grd_1861_10000,0
Crew_10709,Grd_1861_10001,0
Crew_10709,Flt_18765,0
Crew_10709,Flt_18385,0
Crew_10709,Flt_18381,0
Crew_10713,Grd_3128_10000,0
Crew_10713,Flt_20058,0
Crew_10715,Flt_18496,0
Crew_10715,Flt_18499,0
Crew_10715,Flt_18417,0
Crew_10715,Flt_19334,0
Crew_10715,Flt_20085,0
Crew_10716,Grd_2703_10000,0
Crew_10716,Grd_2703_10001,0
Crew_10716,Grd_2703_10002,0
Crew_10716,Flt_19893,0
Crew_10718,Flt_18487,0
Crew_10718,Flt_18482,0
Crew_10718,Flt_18531,0
Crew_10718,Flt_19558,0
Crew_10718,Flt_19547,0
Crew_10718,Flt_20014,0
Crew_10719,Flt_18933,0
Crew_10719,Flt_18930,0
Crew_10719,Flt_19188,0
Crew_10719,Flt_19391,0
Crew_10719,Flt_19415,0
Crew_10719,Flt_20199,0
Crew_10722,Grd_1177_10000,0
Crew_10722,Flt_20335,0
Crew_10722,Flt_20333,0
Crew_10722,Flt_20332,0
Crew_10722,Flt_20328,0
Crew_10723,Flt_18736,0
Crew_10723,Flt_18599,0
Crew_10723,Flt_20006,0
Crew_10723,Flt_20003,0
Crew_10723,Flt_20002,0
Crew_10723,Flt_20008,0
Crew_10724,Flt_18951,0
Crew_10724,Flt_18948,0
Crew_10724,Flt_18944,0
Crew_10724,Flt_18940,0
Crew_10724,Flt_19701,0
Crew_10724,Flt_19710,0
Crew_10724,Flt_20341,0
Crew_10724,Flt_20385,0
Crew_10724,Flt_20388,0
Crew_10726,Grd_4119_10000,0
Crew_10726,Grd_4119_10001,0
Crew_10726,Grd_4119_10002,0
Crew_10726,Flt_20198,0
Crew_10726,Flt_20172,0
Crew_10727,Flt_18411,0
Crew_10727,Flt_18423,0
Crew_10727,Flt_18639,0
Crew_10727,Flt_19395,0
Crew_10727,Flt_19459,0
Crew_10727,Flt_19455,0
Crew_10727,Flt_20215,0
Crew_10727,Flt_20211,0
Crew_10728,Flt_18324,0
Crew_10728,Flt_19072,0
Crew_10728,Flt_19301,0
Crew_10728,Flt_20037,0
Crew_10729,Flt_18603,0
Crew_10729,Flt_18560,0
Crew_10729,Flt_19311,0
Crew_10729,Flt_19310,0
Crew_10729,Flt_19306,0
Crew_10729,Flt_19305,0
Crew_10729,Flt_20012,0
Crew_10729,Flt_20027,0
Crew_10730,Flt_18123,0
Crew_10730,Flt_18734,0
Crew_10730,Flt_19422,0
Crew_10730,Flt_19419,0
Crew_10730,Flt_19598,0
Crew_10731,Flt_18666,0
Crew_10731,Flt_18664,0
Crew_10731,Flt_18691,0
Crew_10731,Flt_18688,0
Crew_10731,Flt_19473,0
Crew_10731,Flt_19471,0
Crew_10731,Flt_19466,0
Crew_10732,Flt_19655,0
Crew_10734,Flt_18305,0
Crew_10734,Flt_18304,0
Crew_10734,Flt_19542,0
Crew_10734,Flt_19561,0
Crew_10734,Flt_20355,0
Crew_10734,Flt_20359,0
Crew_10734,Flt_19962,0
Crew_10735,Grd_3121_10000,0
Crew_10735,ddh_14120,1
Crew_10736,Flt_19008,0
Crew_10736,Flt_19019,0
Crew_10736,Flt_19758,0
Crew_10736,Flt_20277,0
Crew_10736,Flt_20274,0
Crew_10737,Flt_15459,0
Crew_10738,Flt_18899,0
Crew_10738,Flt_18896,0
Crew_10738,Flt_19712,0
Crew_10738,Flt_19711,0
Crew_10738,Flt_19703,0
Crew_10738,Flt_20020,0
Crew_10739,Grd_1971_10000,0
Crew_10739,Flt_18371,0
Crew_10739,Flt_18367,0
Crew_10740,Flt_18795,0
Crew_10740,Flt_20205,0
Crew_10740,Flt_20213,0
Crew_10741,Flt_18535,0
Crew_10741,Flt_18533,0
Crew_10741,Flt_19401,0
Crew_10741,Flt_19385,0
Crew_10741,Flt_20285,0
Crew_10742,Flt_18872,0
Crew_10742,Flt_18870,0
Crew_10742,Flt_18498,0
Crew_10742,Flt_19498,0
Crew_10742,Flt_19495,0
Crew_10742,Flt_19577,0
Crew_10742,Flt_19575,0
Crew_10742,Flt_20259,0
Crew_10742,Flt_20255,0
Crew_10743,Flt_16844,0
Crew_10743,Flt_18270,0
Crew_10743,Flt_18128,0
Crew_10743,Flt_18893,0
Crew_10743,Flt_19026,0
Crew_10744,Flt_18545,0
Crew_10744,Flt_18539,0
Crew_10744,Flt_19399,0
Crew_10744,Flt_19658,0
Crew_10744,Flt_20300,0
Crew_10744,Flt_20297,0
Crew_10744,Flt_20294,0
Crew_10745,Flt_18318,0
Crew_10745,Flt_18329,0
Crew_10745,Flt_19685,0
Crew_10745,Flt_19854,0
Crew_10746,Flt_18863,0
Crew_10746,Flt_18862,0
Crew_10746,Flt_19234,0
Crew_10746,Flt_19230,0
Crew_10746,Flt_20032,0
Crew_10746,Flt_20031,0
Crew_10746,Flt_20347,0
Crew_10747,Flt_18445,0
Crew_10747,Flt_18438,0
Crew_10747,Flt_19734,0
Crew_10747,Flt_19787,0
Crew_10747,Flt_19786,0
Crew_10748,Flt_18904,0
Crew_10748,Flt_18901,0
Crew_10748,Flt_18898,0
Crew_10748,Flt_19186,0
Crew_10748,Flt_19606,0
Crew_10750,Flt_18831,0
Crew_10750,Flt_18829,0
Crew_10750,Flt_18733,0
Crew_10750,Flt_19615,0
Crew_10750,Flt_19613,0
Crew_10750,Flt_20148,0
Crew_10750,Flt_20197,0
Crew_10752,Flt_17509,0
Crew_10752,Flt_18414,0
Crew_10752,Flt_18753,0
Crew_10752,Flt_19520,0
Crew_10753,Flt_17430,0
Crew_10753,Flt_17429,0
Crew_10753,Flt_18224,0
Crew_10753,Flt_18967,0
Crew_10753,Flt_18965,0
Crew_10753,Flt_18963,0
Crew_10753,Flt_18958,0
Crew_10753,Flt_19657,0
Crew_10753,Flt_19654,0
Crew_10753,Flt_19567,0
Crew_10754,Flt_18551,0
Crew_10754,Flt_18900,0
Crew_10754,Flt_19653,0
Crew_10754,Flt_19652,0
Crew_10754,Flt_19651,0
Crew_10754,Flt_20324,0
Crew_10754,Flt_20323,0
Crew_10757,Flt_19015,0
Crew_10757,Flt_18421,0
Crew_10757,Flt_19038,0
Crew_10757,Flt_19036,0
Crew_10757,Flt_19555,0
Crew_10757,Flt_20352,0
Crew_10759,Flt_18285,0
Crew_10759,Flt_19041,0
Crew_10759,Flt_19441,0
Crew_10759,Flt_19256,0
Crew_10759,Flt_20193,0
Crew_10759,Flt_20189,0
Crew_10760,Grd_1179_10000,0
Crew_10760,Flt_20173,0
Crew_10760,Flt_20171,0
Crew_10760,Flt_20179,0
Crew_10760,Flt_20175,0
Crew_10763,Grd_1201_10000,0
Crew_10763,Flt_18513,0
Crew_10763,Flt_18510,0
Crew_10763,Flt_18819,0
Crew_10767,Grd_2227_10000,0
Crew_10767,Flt_20071,0
Crew_10767,Flt_20067,0
Crew_10768,Grd_1694_10000,0
Crew_10768,Grd_1694_10001,0
Crew_10768,Flt_19018,0
Crew_10769,Flt_18726,0
Crew_10769,Flt_18722,0
Crew_10769,Flt_18739,0
Crew_10769,Flt_19736,0
Crew_10769,Flt_19735,0
Crew_10769,Flt_20358,0
Crew_10769,Flt_20357,0
Crew_10769,Flt_20330,0
Crew_10770,Flt_18791,0
Crew_10770,Flt_18782,0
Crew_10770,Flt_19228,0
Crew_10770,Flt_19760,0
Crew_10770,Flt_19759,0
Crew_10770,Flt_20383,0
Crew_10770,Flt_20382,0
Crew_10771,Flt_19148,0
Crew_10771,Flt_19852,0
Crew_10772,Flt_17554,0
Crew_10772,Flt_18301,0
Crew_10772,Flt_19728,0
Crew_10772,Flt_19727,0
Crew_10772,Flt_19693,0
Crew_10772,Flt_20064,0
Crew_10773,Flt_18837,0
Crew_10773,Flt_19588,0
Crew_10773,Flt_19899,0
Crew_10773,Flt_19895,0
Crew_10774,Flt_18787,0
Crew_10774,Flt_19201,0
Crew_10774,Flt_20343,0
Crew_10774,Flt_20339,0
Crew_10774,Flt_20338,0
Crew_10775,Flt_15608,0
Crew_10776,Grd_1802_10000,0
Crew_10776,Grd_1802_10001,0
Crew_10776,Grd_1802_10002,0
Crew_10778,Grd_3127_10000,0
Crew_10778,Grd_3127_10001,0
Crew_10779,Flt_18767,0
Crew_10779,Flt_18763,0
Crew_10779,Flt_18293,0
Crew_10779,Flt_19781,0
Crew_10780,Flt_18812,0
Crew_10780,Flt_18808,0
Crew_10780,Flt_19572,0
Crew_10780,Flt_20225,0
Crew_10782,Flt_15680,0
Crew_10783,Grd_1485_10000,0
Crew_10783,Grd_1485_10001,0
Crew_10784,Grd_4115_10000,0
Crew_10784,Grd_4115_10001,0
Crew_10784,Flt_19982,0
Crew_10784,Flt_20386,0
Crew_10784,Flt_19763,0
Crew_10785,Flt_19167,0
Crew_10785,Flt_19164,0
Crew_10786,Flt_18379,0
Crew_10786,Flt_18353,0
Crew_10786,Flt_19141,0
Crew_10786,Flt_19135,0
Crew_10786,Flt_19940,0
Crew_10787,Flt_18811,0
Crew_10787,Flt_20210,0
Crew_10787,Flt_20184,0
Crew_10787,Flt_20174,0
Crew_10788,Flt_18656,0
Crew_10788,Flt_18652,0
Crew_10788,Flt_19287,0
Crew_10788,Flt_19308,0
Crew_10788,Flt_19917,0
Crew_10789,Flt_18278,0
Crew_10789,Flt_18277,0
Crew_10789,Flt_18518,0
Crew_10789,Flt_19452,0
Crew_10789,Flt_19448,0
Crew_10789,Flt_19850,0
Crew_10790,Flt_16030,0
Crew_10791,Flt_18818,0
Crew_10791,Flt_18816,0
Crew_10791,Flt_19549,0
Crew_10793,Flt_18802,0
Crew_10793,Flt_19740,0
Crew_10793,Flt_19738,0
Crew_10793,Flt_19789,0
Crew_10793,Flt_19788,0
Crew_10794,Flt_18226,0
Crew_10794,Flt_18979,0
Crew_10794,Flt_18973,0
Crew_10794,Flt_18972,0
Crew_10794,Flt_19695,0
Crew_10794,Flt_19350,0
Crew_10794,Flt_20042,0
Crew_10795,Flt_18372,0
Crew_10795,Flt_18368,0
Crew_10795,Flt_19492,0
Crew_10796,Flt_18754,0
Crew_10796,Flt_18776,0
Crew_10796,Flt_19502,0
Crew_10796,Flt_19496,0
Crew_10796,Flt_20162,0
Crew_10796,Flt_20186,0
Crew_10797,Grd_2230_10000,0
Crew_10799,ddh_12589,1
Crew_10800,Grd_2043_10000,0
Crew_10800,Grd_2043_10001,0
Crew_10800,Flt_20253,0
Crew_10800,Flt_20250,0
Crew_10801,Flt_18342,0
Crew_10802,Grd_1436_10000,0
Crew_10802,Grd_1436_10001,0
Crew_10802,Grd_1436_10002,0
Crew_10803,Flt_18997,0
Crew_10803,Flt_18864,0
Crew_10803,Flt_19472,0
Crew_10803,Flt_19195,0
Crew_10804,Grd_1190_10000,0
Crew_10804,Grd_1190_10001,0
Crew_10804,ddh_14237,1
Crew_10805,Flt_18406,0
Crew_10805,Flt_18402,0
Crew_10805,Flt_19557,0
Crew_10805,Flt_19553,0
Crew_10806,Flt_18682,0
Crew_10806,Flt_19174,0
Crew_10807,Flt_18974,0
Crew_10807,Flt_19027,0
Crew_10807,Flt_19030,0
Crew_10807,Flt_18971,0
Crew_10807,Flt_19704,0
Crew_10807,Flt_20291,0
Crew_10807,Flt_20289,0
Crew_10807,Flt_20287,0
Crew_10808,Flt_19757,0
Crew_10809,Flt_19446,0
Crew_10809,Flt_19444,0
Crew_10809,Flt_19213,0
Crew_10809,Flt_19793,0
Crew_10809,Flt_19792,0
Crew_10809,Flt_19791,0
Crew_10810,Flt_18784,0
Crew_10810,Flt_19285,0
Crew_10810,Flt_19162,0
Crew_10811,Flt_19009,0
Crew_10811,Flt_19007,0
Crew_10811,Flt_18605,0
Crew_10811,Flt_19398,0
Crew_10811,Flt_19843,0
Crew_10812,Flt_16203,0
Crew_10812,Flt_16208,0
Crew_10812,Flt_16923,0
Crew_10812,Grd_1771_10000,0
Crew_10812,Grd_1771_10001,0
Crew_10814,Grd_1786_10000,0
Crew_10814,Grd_1786_10001,0
Crew_10815,Grd_4121_10000,0
Crew_10815,Flt_20340,0
Crew_10815,Flt_20348,0
Crew_10816,Grd_10169_10000,0
Crew_10817,Flt_19518,0
Crew_10817,Flt_19515,0
Crew_10817,Flt_19569,0
Crew_10817,Flt_19565,0
Crew_10818,Flt_18471,0
Crew_10818,Flt_18467,0
Crew_10818,Flt_19533,0
Crew_10818,Flt_19531,0
Crew_10819,Flt_18299,0
Crew_10819,Flt_20286,0
Crew_10820,Flt_18412,0
Crew_10820,Flt_19436,0
Crew_10820,Flt_19432,0
Crew_10822,Flt_18300,0
Crew_10822,Flt_18624,0
Crew_10822,Flt_19360,0
Crew_10822,Flt_19356,0
Crew_10822,Flt_20069,0
Crew_10823,Flt_16329,0
Crew_10823,Flt_19486,0
Crew_10823,Flt_19669,0
Crew_10824,Flt_18587,0
Crew_10824,Flt_18584,0
Crew_10824,Flt_19200,0
Crew_10824,Flt_19194,0
Crew_10824,Flt_20087,0
Crew_10825,Flt_18344,0
Crew_10825,Flt_18376,0
Crew_10825,Flt_19143,0
Crew_10825,Flt_19259,0
Crew_10825,Flt_20264,0
Crew_10825,Flt_20288,0
Crew_10826,Flt_19106,0
Crew_10826,Flt_19104,0
Crew_10826,Flt_19178,0
Crew_10826,Flt_19776,0
Crew_10826,Flt_19775,0
Crew_10827,Flt_18769,0
Crew_10827,Flt_19297,0
Crew_10827,Flt_19384,0
Crew_10828,Flt_18856,0
Crew_10828,Flt_20256,0
Crew_10829,Flt_18422,0
Crew_10829,Flt_19610,0
Crew_10829,Flt_20378,0
Crew_10829,Flt_20372,0
Crew_10830,Flt_18343,0
Crew_10830,Flt_19596,0
Crew_10831,Flt_18641,0
Crew_10831,Flt_18637,0
Crew_10831,Flt_19392,0
Crew_10831,Flt_19389,0
Crew_10831,Flt_20063,0
Crew_10832,Flt_18851,0
Crew_10832,Flt_19560,0
Crew_10832,Flt_19571,0
Crew_10833,Grd_1661_10000,0
Crew_10834,Flt_18522,0
Crew_10834,Flt_19322,0
Crew_10834,Flt_19765,0
Crew_10835,Flt_19481,0
Crew_10835,Flt_19479,0
Crew_10836,Flt_18912,0
Crew_10836,Flt_19674,0
Crew_10836,Flt_19671,0
Crew_10837,Grd_1775_10000,0
Crew_10837,Flt_19255,0
Crew_10837,Flt_19253,0
Crew_10838,Flt_16766,0
Crew_10838,Flt_16765,0
Crew_10838,Flt_18931,0
Crew_10838,Flt_18929,0
Crew_10839,Flt_16764,0
Crew_10839,Flt_16762,0
Crew_10839,Flt_18171,0
Crew_10839,Flt_18170,0
Crew_10839,Flt_18925,0
Crew_10839,Flt_18921,0
Crew_10839,Flt_18920,0
Crew_10839,Flt_18953,0
Crew_10840,Flt_18597,0
Crew_10840,Flt_19003,0
Crew_10840,Flt_19057,0
Crew_10841,Flt_18657,0
Crew_10841,Flt_18654,0
Crew_10841,Flt_19338,0
Crew_10842,Flt_16328,0
Crew_10843,Flt_18474,0
Crew_10843,Flt_19149,0
Crew_10843,Flt_19702,0
Crew_10844,Flt_20068,0
Crew_10845,Flt_19163,0
Crew_10845,Flt_19870,0
Crew_10846,Flt_18986,0
Crew_10846,Flt_18517,0
Crew_10846,Flt_19227,0
Crew_10846,Flt_19223,0
Crew_10846,Flt_19378,0
Crew_10847,Flt_19420,0
Crew_10847,Flt_19840,0
Crew_10848,Flt_19447,0
Crew_10848,Flt_19445,0
Crew_10848,Flt_19187,0
Crew_10848,Flt_20263,0
Crew_10849,Flt_19276,0
Crew_10849,Flt_20292,0
Crew_10850,Flt_19252,0
Crew_10850,Flt_19694,0
Crew_10850,Flt_19673,0
Crew_10850,Flt_20004,0
Crew_10851,Flt_16557,0
Crew_10851,Flt_19435,0
Crew_10851,Flt_19430,0
Crew_10852,Flt_18942,0
Crew_10852,Flt_18941,0
Crew_10852,Flt_19689,0
Crew_10852,Flt_19095,0
Crew_10853,Flt_18312,0
Crew_10853,Flt_18308,0
Crew_10853,Flt_19066,0
Crew_10853,Flt_19065,0
Crew_10853,Flt_19923,0
Crew_10855,Flt_18602,0
Crew_10855,Flt_19011,0
Crew_10855,Flt_20368,0
Crew_10855,Flt_20366,0
Crew_10856,Flt_19049,0
Crew_10856,Flt_19046,0
Crew_10857,Flt_18617,0
Crew_10857,Flt_18612,0
Crew_10857,Flt_19331,0
Crew_10857,Flt_19327,0
Crew_10857,Flt_20262,0
Crew_10857,Flt_20280,0
Crew_10858,Grd_1732_10000,0
Crew_10859,Flt_18204,0
Crew_10859,Flt_17756,0
Crew_10859,Flt_19470,0
Crew_10859,Flt_19485,0
Crew_10860,Flt_18981,0
Crew_10860,Flt_18909,0
Crew_10860,Flt_19656,0
Crew_10860,Flt_19646,0
Crew_10860,Flt_20290,0
Crew_10860,Flt_20384,0
Crew_10861,Flt_19004,0
Crew_10861,Flt_19022,0
Crew_10861,Flt_18576,0
Crew_10861,Flt_19354,0
Crew_10861,Flt_20377,0
Crew_10861,Flt_20375,0
Crew_10862,Flt_19489,0
Crew_10863,Grd_1176_10000,0
Crew_10863,Grd_1176_10001,0
Crew_10863,Grd_1176_10002,0
Crew_10864,Flt_19052,0
Crew_10864,Flt_19051,0
Crew_10865,Grd_1819_10000,0
Crew_10865,ddh_14411,1
Crew_10866,Flt_15826,0
Crew_10866,Flt_19456,0
Crew_10866,Flt_19449,0
Crew_10867,Flt_18547,0
Crew_10867,Flt_18543,0
Crew_10867,Flt_19748,0
Crew_10867,Flt_20376,0
Crew_10867,Flt_20374,0
Crew_10868,Flt_19017,0
Crew_10868,Flt_18452,0
Crew_10868,Flt_19920,0
Crew_10870,Flt_19319,0
Crew_10870,Flt_19317,0
Crew_10870,Flt_20320,0
Crew_10871,Flt_18613,0
Crew_10871,Flt_18983,0
Crew_10871,Flt_19886,0
Crew_10872,Flt_19013,0
Crew_10872,Flt_19934,0
Crew_10873,Flt_18557,0
Crew_10873,Flt_18564,0
Crew_10873,Flt_19753,0
Crew_10873,Flt_19749,0
Crew_10873,Flt_19307,0
Crew_10873,Flt_20322,0
Crew_10873,Flt_20321,0
Crew_10887,Flt_19513,0
Crew_10887,Flt_19101,0
Crew_10887,Flt_20249,0
Crew_10889,Grd_2185_10000,0
Crew_10889,ddh_12429,1
Crew_10891,Grd_1233_10000,0
Crew_10891,ddh_14415,1
Crew_10892,Flt_19505,0
Crew_10892,Flt_19499,0
Crew_10892,Flt_19267,0
Crew_10892,Flt_20342,0
